institute,quota,category,closing_rank,candidates_seen,state
ACS Medical College and Hospital,AIQ,EWS,23652,2,Tamil Nadu
ACS Medical College and Hospital,AIQ,General,23851,81,Tamil Nadu
ACS Medical College and Hospital,AIQ,OBC,23871,108,Tamil Nadu
ACS Medical College and Hospital,AIQ,SC,23786,15,Tamil Nadu
ACS Medical College and Hospital,AIQ,ST,23803,1,Tamil Nadu
ACSR Govt Medical College,AIQ,EWS,9104,2,Andhra Pradesh
ACSR Govt Medical College,AIQ,General,24418,9,Andhra Pradesh
ACSR Govt Medical College,AIQ,OBC,7293,9,Andhra Pradesh
ACSR Govt Medical College,AIQ,SC,11985,3,Andhra Pradesh
ACSR Govt Medical College,AIQ,ST,13830,2,Andhra Pradesh
AGARTALA GOVT. MEDICAL COLLEGE,AIQ,EWS,9499,2,Tripura
AGARTALA GOVT. MEDICAL COLLEGE,AIQ,General,26584,5,Tripura
AGARTALA GOVT. MEDICAL COLLEGE,AIQ,OBC,9107,8,Tripura
AGARTALA GOVT. MEDICAL COLLEGE,AIQ,SC,13411,3,Tripura
AGARTALA GOVT. MEDICAL COLLEGE,AIQ,ST,14016,2,Tripura
AIIMS,AIQ,EWS,4573,148,Uttar Pradesh
AIIMS,AIQ,General,26509,569,Uttar Pradesh
AIIMS,AIQ,OBC,3743,439,Uttar Pradesh
AIIMS,AIQ,SC,10342,206,Uttar Pradesh
AIIMS,AIQ,ST,11562,105,Uttar Pradesh
AIIMS Bathinda,AIQ,EWS,2677,10,Punjab
AIIMS Bathinda,AIQ,General,23179,25,Punjab
AIIMS Bathinda,AIQ,OBC,2166,38,Punjab
AIIMS Bathinda,AIQ,SC,8859,14,Punjab
AIIMS Bathinda,AIQ,ST,10515,7,Punjab
AIIMS Bilaspur Changar Palasiyan,AIQ,EWS,3127,10,Himachal Pradesh
AIIMS Bilaspur Changar Palasiyan,AIQ,General,19425,34,Himachal Pradesh
AIIMS Bilaspur Changar Palasiyan,AIQ,OBC,2643,29,Himachal Pradesh
AIIMS Bilaspur Changar Palasiyan,AIQ,SC,9196,14,Himachal Pradesh
AIIMS Bilaspur Changar Palasiyan,AIQ,ST,10825,8,Himachal Pradesh
AIIMS Guwahati,AIQ,EWS,4066,9,Assam
AIIMS Guwahati,AIQ,General,25528,40,Assam
AIIMS Guwahati,AIQ,OBC,3411,27,Assam
AIIMS Guwahati,AIQ,SC,10088,14,Assam
AIIMS Guwahati,AIQ,ST,11525,6,Assam
AIIMS Jammu,AIQ,EWS,3733,8,Jammu and Kashmir
AIIMS Jammu,AIQ,General,25755,38,Jammu and Kashmir
AIIMS Jammu,AIQ,OBC,3426,28,Jammu and Kashmir
AIIMS Jammu,AIQ,SC,10216,14,Jammu and Kashmir
AIIMS Jammu,AIQ,ST,10957,6,Jammu and Kashmir
AIIMS Mangalagiri,AIQ,EWS,3590,12,Andhra Pradesh
AIIMS Mangalagiri,AIQ,General,24441,45,Andhra Pradesh
AIIMS Mangalagiri,AIQ,OBC,2290,34,Andhra Pradesh
AIIMS Mangalagiri,AIQ,SC,7814,17,Andhra Pradesh
AIIMS Mangalagiri,AIQ,ST,10105,10,Andhra Pradesh
AIIMS Rajkot,AIQ,EWS,2848,8,Gujarat
AIIMS Rajkot,AIQ,General,20774,26,Gujarat
AIIMS Rajkot,AIQ,OBC,2676,21,Gujarat
AIIMS Rajkot,AIQ,SC,9335,10,Gujarat
AIIMS Rajkot,AIQ,ST,10771,5,Gujarat
AIIMS-Bhopal,AIQ,EWS,1504,13,Madhya Pradesh
AIIMS-Bhopal,AIQ,General,24514,45,Madhya Pradesh
AIIMS-Bhopal,AIQ,OBC,1106,36,Madhya Pradesh
AIIMS-Bhopal,AIQ,SC,4811,18,Madhya Pradesh
AIIMS-Bhopal,AIQ,ST,6561,8,Madhya Pradesh
ANUGRAH NARAYAN MAGADH MEDICAL COLLEGE,AIQ,EWS,6362,1,Bihar
ANUGRAH NARAYAN MAGADH MEDICAL COLLEGE,AIQ,General,24653,5,Bihar
ANUGRAH NARAYAN MAGADH MEDICAL COLLEGE,AIQ,OBC,6565,8,Bihar
ANUGRAH NARAYAN MAGADH MEDICAL COLLEGE,AIQ,SC,12532,3,Bihar
ANUGRAH NARAYAN MAGADH MEDICAL COLLEGE,AIQ,ST,13401,1,Bihar
ASSAM MEDICAL COLLEGE,AIQ,EWS,8038,3,Assam
ASSAM MEDICAL COLLEGE,AIQ,General,6507,10,Assam
ASSAM MEDICAL COLLEGE,AIQ,OBC,7631,10,Assam
ASSAM MEDICAL COLLEGE,AIQ,SC,12575,4,Assam
ASSAM MEDICAL COLLEGE,AIQ,ST,12104,2,Assam
ATAL BIHARI VAJPAYEE GOVERNMENT MEDICAL COLLEGE,AIQ,EWS,6186,1,Madhya Pradesh
ATAL BIHARI VAJPAYEE GOVERNMENT MEDICAL COLLEGE,AIQ,General,24437,13,Madhya Pradesh
ATAL BIHARI VAJPAYEE GOVERNMENT MEDICAL COLLEGE,AIQ,OBC,5957,6,Madhya Pradesh
ATAL BIHARI VAJPAYEE GOVERNMENT MEDICAL COLLEGE,AIQ,SC,11467,3,Madhya Pradesh
ATAL BIHARI VAJPAYEE GOVERNMENT MEDICAL COLLEGE,AIQ,ST,12458,1,Madhya Pradesh
Aarupadai Veedu Medical College and Hospt.,AIQ,EWS,12734,1,Puducherry
Aarupadai Veedu Medical College and Hospt.,AIQ,General,23948,61,Puducherry
Aarupadai Veedu Medical College and Hospt.,AIQ,OBC,23963,67,Puducherry
Aarupadai Veedu Medical College and Hospt.,AIQ,SC,23950,16,Puducherry
Aarupadai Veedu Medical College and Hospt.,AIQ,ST,22795,1,Puducherry
Allotted( CW Rank : 1 ),AIQ,General,26484,1,
Allotted( CW Rank : 10 ),AIQ,General,14607,1,
Allotted( CW Rank : 11 ),AIQ,General,15150,1,
Allotted( CW Rank : 12 ),AIQ,General,15437,1,
Allotted( CW Rank : 13 ),AIQ,General,15800,1,
Allotted( CW Rank : 132 ),AIQ,General,13041,1,
Allotted( CW Rank : 14 ),AIQ,General,16357,1,
Allotted( CW Rank : 149 ),AIQ,General,14756,1,
Allotted( CW Rank : 163 ),AIQ,General,16222,1,
Allotted( CW Rank : 17 ),AIQ,General,20799,1,
Allotted( CW Rank : 171 ),AIQ,General,17508,1,
Allotted( CW Rank : 174 ),AIQ,General,18133,1,
Allotted( CW Rank : 178 ),AIQ,General,18755,1,
Allotted( CW Rank : 18 ),AIQ,General,22507,1,
Allotted( CW Rank : 19 ),AIQ,General,22521,1,
Allotted( CW Rank : 193 ),AIQ,General,21356,1,
Allotted( CW Rank : 194 ),AIQ,General,21449,1,
Allotted( CW Rank : 20 ),AIQ,General,23869,1,
Allotted( CW Rank : 204 ),AIQ,General,24076,1,
Allotted( CW Rank : 207 ),AIQ,General,24927,1,
Allotted( CW Rank : 21 ),AIQ,General,23902,1,
Allotted( CW Rank : 22 ),AIQ,General,24201,1,
Allotted( CW Rank : 23 ),AIQ,General,24800,1,
Allotted( CW Rank : 24 ),AIQ,General,25346,1,
Allotted( CW Rank : 27 ),AIQ,General,25942,1,
Allotted( CW Rank : 274 ),AIQ,General,16001,1,
Allotted( CW Rank : 282 ),AIQ,General,17605,1,
Allotted( CW Rank : 283 ),AIQ,General,17810,1,
Allotted( CW Rank : 29 ),AIQ,General,26289,1,
Allotted( CW Rank : 290 ),AIQ,General,18737,1,
Allotted( CW Rank : 293 ),AIQ,General,20087,1,
Allotted( CW Rank : 3 ),AIQ,General,17656,1,
Allotted( CW Rank : 302 ),AIQ,General,23978,1,
Allotted( CW Rank : 305 ),AIQ,General,25705,1,
Allotted( CW Rank : 33 ),AIQ,General,22125,1,
Allotted( CW Rank : 4 ),AIQ,General,18205,1,
Allotted( CW Rank : 58 ),AIQ,General,4231,1,
Allotted( CW Rank : 7 ),AIQ,General,9490,1,
Allotted( CW Rank : 70 ),AIQ,General,6720,1,
Allotted( CW Rank : 72 ),AIQ,General,7366,1,
Allotted( CW Rank : 73 ),AIQ,General,7523,1,
Allotted( CW Rank : 8 ),AIQ,General,12318,1,
Allotted( CW Rank : 9 ),AIQ,General,12852,1,
Allotted( NRI Priority : 1 ),AIQ,General,26593,287,
Allotted( NRI Priority : 2 ),AIQ,General,26605,249,
Amrita Institute of Medical Science,AIQ,EWS,16791,1,Kerala
Amrita Institute of Medical Science,AIQ,General,17273,80,Kerala
Amrita Institute of Medical Science,AIQ,OBC,17140,36,Kerala
Amrita School of Medicine Faridabad,AIQ,General,18406,118,Haryana
Amrita School of Medicine Faridabad,AIQ,OBC,18370,6,Haryana
Amrita School of Medicine Faridabad,AIQ,SC,18250,2,Haryana
Andaman and Nicobar Islands Institute of Medical S,AIQ,EWS,9370,2,Andaman and Nicobar Islands
Andaman and Nicobar Islands Institute of Medical S,AIQ,General,6668,5,Andaman and Nicobar Islands
Andaman and Nicobar Islands Institute of Medical S,AIQ,OBC,9021,5,Andaman and Nicobar Islands
Andaman and Nicobar Islands Institute of Medical S,AIQ,SC,13549,3,Andaman and Nicobar Islands
Andaman and Nicobar Islands Institute of Medical S,AIQ,ST,14275,2,Andaman and Nicobar Islands
Andhra Medical College,AIQ,EWS,4836,4,Andhra Pradesh
Andhra Medical College,AIQ,General,3278,11,Andhra Pradesh
Andhra Medical College,AIQ,OBC,3974,14,Andhra Pradesh
Andhra Medical College,AIQ,SC,10810,5,Andhra Pradesh
Andhra Medical College,AIQ,ST,11640,2,Andhra Pradesh
Atal Bihari Vajpayee Institute of Medical Sciences & DR RML HOSPITAL,AIQ,EWS,4051,10,Bihar
Atal Bihari Vajpayee Institute of Medical Sciences & DR RML HOSPITAL,AIQ,General,26487,35,Bihar
Atal Bihari Vajpayee Institute of Medical Sciences & DR RML HOSPITAL,AIQ,OBC,4708,26,Bihar
Atal Bihari Vajpayee Institute of Medical Sciences & DR RML HOSPITAL,AIQ,SC,11653,14,Bihar
Atal Bihari Vajpayee Institute of Medical Sciences & DR RML HOSPITAL,AIQ,ST,14587,7,Bihar
Autonomous State Medical Collage,AIQ,EWS,7768,1,Uttar Pradesh
Autonomous State Medical Collage,AIQ,General,6921,3,Uttar Pradesh
Autonomous State Medical Collage,AIQ,OBC,8028,8,Uttar Pradesh
Autonomous State Medical Collage,AIQ,SC,12517,2,Uttar Pradesh
Autonomous State Medical College,AIQ,EWS,8667,21,Uttar Pradesh
Autonomous State Medical College,AIQ,General,25699,46,Uttar Pradesh
Autonomous State Medical College,AIQ,OBC,8453,63,Uttar Pradesh
Autonomous State Medical College,AIQ,SC,13171,26,Uttar Pradesh
Autonomous State Medical College,AIQ,ST,13966,13,Uttar Pradesh
Autonomous State Medical College Society,AIQ,EWS,8285,2,Uttar Pradesh
Autonomous State Medical College Society,AIQ,General,26307,6,Uttar Pradesh
Autonomous State Medical College Society,AIQ,OBC,7848,4,Uttar Pradesh
Autonomous State Medical College Society,AIQ,SC,12932,1,Uttar Pradesh
Autonomous State Medical College Society,AIQ,ST,13807,1,Uttar Pradesh
Autonomous State Medical college Society Hardoi,AIQ,EWS,7437,1,Uttar Pradesh
Autonomous State Medical college Society Hardoi,AIQ,General,7410,7,Uttar Pradesh
Autonomous State Medical college Society Hardoi,AIQ,OBC,7845,4,Uttar Pradesh
Autonomous State Medical college Society Hardoi,AIQ,SC,12846,2,Uttar Pradesh
Autonomous State Medical college Society Hardoi,AIQ,ST,13691,1,Uttar Pradesh
Autonomous state Medical College,AIQ,EWS,8329,2,Uttar Pradesh
Autonomous state Medical College,AIQ,General,26583,11,Uttar Pradesh
Autonomous state Medical College,AIQ,OBC,8407,11,Uttar Pradesh
Autonomous state Medical College,AIQ,SC,13078,3,Uttar Pradesh
Autonomous state Medical College,AIQ,ST,13964,1,Uttar Pradesh
B.J. Government Medical College,AIQ,EWS,4120,3,Maharashtra
B.J. Government Medical College,AIQ,General,24548,14,Maharashtra
B.J. Government Medical College,AIQ,OBC,3730,10,Maharashtra
B.J. Government Medical College,AIQ,SC,9448,5,Maharashtra
B.J. Government Medical College,AIQ,ST,11832,2,Maharashtra
B.J. MEDICAL COLLEGE,AIQ,EWS,2418,4,Gujarat
B.J. MEDICAL COLLEGE,AIQ,General,17557,14,Gujarat
B.J. MEDICAL COLLEGE,AIQ,OBC,2747,9,Gujarat
B.J. MEDICAL COLLEGE,AIQ,SC,8094,7,Gujarat
B.J. MEDICAL COLLEGE,AIQ,ST,11564,3,Gujarat
B.L.D.E University,AIQ,EWS,16568,4,Karnataka
B.L.D.E University,AIQ,General,16597,105,Karnataka
B.L.D.E University,AIQ,OBC,16579,46,Karnataka
B.L.D.E University,AIQ,SC,16556,3,Karnataka
B.R.D. MEDICAL COLLEGE,AIQ,EWS,5093,2,Uttar Pradesh
B.R.D. MEDICAL COLLEGE,AIQ,General,4399,8,Uttar Pradesh
B.R.D. MEDICAL COLLEGE,AIQ,OBC,4983,7,Uttar Pradesh
B.R.D. MEDICAL COLLEGE,AIQ,SC,11375,3,Uttar Pradesh
B.R.D. MEDICAL COLLEGE,AIQ,ST,12204,2,Uttar Pradesh
B.Sc. Nursing,AIQ,EWS,16352,56,
B.Sc. Nursing,AIQ,General,26604,93,
B.Sc. Nursing,AIQ,OBC,15628,194,
B.Sc. Nursing,AIQ,SC,19619,72,
B.Sc. Nursing,AIQ,ST,26025,31,
BANKURA SAMMILANI MED COLL,AIQ,EWS,8043,3,West Bengal
BANKURA SAMMILANI MED COLL,AIQ,General,25742,12,West Bengal
BANKURA SAMMILANI MED COLL,AIQ,OBC,7343,7,West Bengal
BANKURA SAMMILANI MED COLL,AIQ,SC,12462,4,West Bengal
BANKURA SAMMILANI MED COLL,AIQ,ST,13981,3,West Bengal
BELGAUM INST. OF MEDICAL SCI.,AIQ,EWS,6842,1,Karnataka
BELGAUM INST. OF MEDICAL SCI.,AIQ,General,25933,9,Karnataka
BELGAUM INST. OF MEDICAL SCI.,AIQ,OBC,6318,6,Karnataka
BELGAUM INST. OF MEDICAL SCI.,AIQ,SC,12326,3,Karnataka
BELGAUM INST. OF MEDICAL SCI.,AIQ,ST,11943,1,Karnataka
BHAARATH MEDICAL COLLEGE AND HOSPITAL,AIQ,EWS,24275,1,Tamil Nadu
BHAARATH MEDICAL COLLEGE AND HOSPITAL,AIQ,General,24741,59,Tamil Nadu
BHAARATH MEDICAL COLLEGE AND HOSPITAL,AIQ,OBC,24738,72,Tamil Nadu
BHAARATH MEDICAL COLLEGE AND HOSPITAL,AIQ,SC,24757,15,Tamil Nadu
BHAARATH MEDICAL COLLEGE AND HOSPITAL,AIQ,ST,24427,2,Tamil Nadu
BIDAR INSTITUTE OF MEDICAL SCI.,AIQ,EWS,8758,2,Karnataka
BIDAR INSTITUTE OF MEDICAL SCI.,AIQ,General,6621,7,Karnataka
BIDAR INSTITUTE OF MEDICAL SCI.,AIQ,OBC,7408,6,Karnataka
BIDAR INSTITUTE OF MEDICAL SCI.,AIQ,SC,12681,3,Karnataka
BIDAR INSTITUTE OF MEDICAL SCI.,AIQ,ST,13149,2,Karnataka
BPS Govt. Med. College,AIQ,EWS,6572,2,Haryana
BPS Govt. Med. College,AIQ,General,4976,6,Haryana
BPS Govt. Med. College,AIQ,OBC,5900,5,Haryana
BPS Govt. Med. College,AIQ,SC,12269,3,Haryana
BPS Govt. Med. College,AIQ,ST,13233,1,Haryana
BUNDELKHAND MEDICAL COLLEGE,AIQ,EWS,6847,3,
BUNDELKHAND MEDICAL COLLEGE,AIQ,General,5813,5,
BUNDELKHAND MEDICAL COLLEGE,AIQ,OBC,6250,6,
BUNDELKHAND MEDICAL COLLEGE,AIQ,SC,12182,3,
BUNDELKHAND MEDICAL COLLEGE,AIQ,ST,13198,2,
BURDWAN MEDICAL COLLEGE,AIQ,EWS,6863,3,West Bengal
BURDWAN MEDICAL COLLEGE,AIQ,General,5956,6,West Bengal
BURDWAN MEDICAL COLLEGE,AIQ,OBC,6780,11,West Bengal
BURDWAN MEDICAL COLLEGE,AIQ,SC,12019,5,West Bengal
BURDWAN MEDICAL COLLEGE,AIQ,ST,13482,2,West Bengal
BV Deemed Uni. Med. College and Hos.,AIQ,EWS,21626,12,Maharashtra
BV Deemed Uni. Med. College and Hos.,AIQ,General,21675,73,Maharashtra
BV Deemed Uni. Med. College and Hos.,AIQ,OBC,21676,33,Maharashtra
BV Deemed Uni. Med. College and Hos.,AIQ,SC,21643,6,Maharashtra
BV Deemed Uni. Med. College and Hos.,AIQ,ST,21172,2,Maharashtra
Baba Kinaram Autonomous State Medical College,AIQ,EWS,8587,2,Uttar Pradesh
Baba Kinaram Autonomous State Medical College,AIQ,General,25713,4,Uttar Pradesh
Baba Kinaram Autonomous State Medical College,AIQ,OBC,8448,5,Uttar Pradesh
Baba Kinaram Autonomous State Medical College,AIQ,SC,13113,2,Uttar Pradesh
Baba Kinaram Autonomous State Medical College,AIQ,ST,14124,1,Uttar Pradesh
Bangalore Medical College and Research Institute,AIQ,EWS,3676,4,Karnataka
Bangalore Medical College and Research Institute,AIQ,General,23521,14,Karnataka
Bangalore Medical College and Research Institute,AIQ,OBC,2708,10,Karnataka
Bangalore Medical College and Research Institute,AIQ,SC,9567,5,Karnataka
Bangalore Medical College and Research Institute,AIQ,ST,10789,3,Karnataka
Barasat Government Medical College & Hospital,AIQ,EWS,8751,2,West Bengal
Barasat Government Medical College & Hospital,AIQ,General,7039,3,West Bengal
Barasat Government Medical College & Hospital,AIQ,OBC,8202,5,West Bengal
Barasat Government Medical College & Hospital,AIQ,SC,12235,2,West Bengal
Barasat Government Medical College & Hospital,AIQ,ST,13982,1,West Bengal
Bharati Vidyapeeth DU Medical College,AIQ,EWS,19038,2,Maharashtra
Bharati Vidyapeeth DU Medical College,AIQ,General,20359,106,Maharashtra
Bharati Vidyapeeth DU Medical College,AIQ,OBC,20177,11,Maharashtra
Bharati Vidyapeeth DU Medical College,AIQ,SC,19451,5,Maharashtra
Bhima Bhoi Medical College and Hospital,AIQ,EWS,9160,2,Odisha
Bhima Bhoi Medical College and Hospital,AIQ,General,6806,4,Odisha
Bhima Bhoi Medical College and Hospital,AIQ,OBC,8047,6,Odisha
Bhima Bhoi Medical College and Hospital,AIQ,SC,11760,2,Odisha
Bhima Bhoi Medical College and Hospital,AIQ,ST,14350,1,Odisha
C. Institute of Medical Sciences,AIQ,EWS,9438,3,Karnataka
C. Institute of Medical Sciences,AIQ,General,26028,9,Karnataka
C. Institute of Medical Sciences,AIQ,OBC,7883,7,Karnataka
C. Institute of Medical Sciences,AIQ,SC,12771,3,Karnataka
C. Institute of Medical Sciences,AIQ,ST,13546,1,Karnataka
CALCUTTA NATIONAL MED COLL,AIQ,EWS,5725,4,West Bengal
CALCUTTA NATIONAL MED COLL,AIQ,General,23947,10,West Bengal
CALCUTTA NATIONAL MED COLL,AIQ,OBC,5281,14,West Bengal
CALCUTTA NATIONAL MED COLL,AIQ,SC,11024,5,West Bengal
CALCUTTA NATIONAL MED COLL,AIQ,ST,12895,3,West Bengal
CHENGALPATTU MEDICAL COLL,AIQ,EWS,8263,1,Tamil Nadu
CHENGALPATTU MEDICAL COLL,AIQ,General,3248,4,Tamil Nadu
CHENGALPATTU MEDICAL COLL,AIQ,OBC,3515,6,Tamil Nadu
CHENGALPATTU MEDICAL COLL,AIQ,SC,9234,1,Tamil Nadu
CHHATTISGARH INSTITUTE OF MEDICAL SCIENCES,AIQ,EWS,6483,2,Chhattisgarh
CHHATTISGARH INSTITUTE OF MEDICAL SCIENCES,AIQ,General,5843,8,Chhattisgarh
CHHATTISGARH INSTITUTE OF MEDICAL SCIENCES,AIQ,OBC,6501,7,Chhattisgarh
CHHATTISGARH INSTITUTE OF MEDICAL SCIENCES,AIQ,SC,12147,3,Chhattisgarh
CHHATTISGARH INSTITUTE OF MEDICAL SCIENCES,AIQ,ST,13315,1,Chhattisgarh
CHIKKABALLAPURA INSTITUTE OF MEDICAL SCIENCES,AIQ,EWS,9410,1,Karnataka
CHIKKABALLAPURA INSTITUTE OF MEDICAL SCIENCES,AIQ,General,6839,4,Karnataka
CHIKKABALLAPURA INSTITUTE OF MEDICAL SCIENCES,AIQ,OBC,7578,5,Karnataka
CHIKKABALLAPURA INSTITUTE OF MEDICAL SCIENCES,AIQ,SC,12923,3,Karnataka
CHIKKABALLAPURA INSTITUTE OF MEDICAL SCIENCES,AIQ,ST,13804,1,Karnataka
COIMBATORE MEDICAL COLLEGE,AIQ,EWS,7884,2,Tamil Nadu
COIMBATORE MEDICAL COLLEGE,AIQ,General,22814,7,Tamil Nadu
COIMBATORE MEDICAL COLLEGE,AIQ,OBC,3246,13,Tamil Nadu
COIMBATORE MEDICAL COLLEGE,AIQ,SC,9594,4,Tamil Nadu
COIMBATORE MEDICAL COLLEGE,AIQ,ST,13506,3,Tamil Nadu
COLLEGE OF MEDICINE and JNM HOSPITAL,AIQ,EWS,6768,1,West Bengal
COLLEGE OF MEDICINE and JNM HOSPITAL,AIQ,General,26569,6,West Bengal
COLLEGE OF MEDICINE and JNM HOSPITAL,AIQ,OBC,6961,6,West Bengal
COLLEGE OF MEDICINE and JNM HOSPITAL,AIQ,SC,12139,2,West Bengal
Chandulal Chandrakar Memorial Government Medical College,AIQ,EWS,9000,3,Chhattisgarh
Chandulal Chandrakar Memorial Government Medical College,AIQ,General,25760,9,Chhattisgarh
Chandulal Chandrakar Memorial Government Medical College,AIQ,OBC,8527,10,Chhattisgarh
Chandulal Chandrakar Memorial Government Medical College,AIQ,SC,13312,5,Chhattisgarh
Chandulal Chandrakar Memorial Government Medical College,AIQ,ST,14177,3,Chhattisgarh
Chettinad Hos. and Res. Inst.,AIQ,EWS,18883,1,Tamil Nadu
Chettinad Hos. and Res. Inst.,AIQ,General,24047,104,Tamil Nadu
Chettinad Hos. and Res. Inst.,AIQ,OBC,24051,125,Tamil Nadu
Chettinad Hos. and Res. Inst.,AIQ,SC,24020,9,Tamil Nadu
Chettinad Hos. and Res. Inst.,AIQ,ST,23146,2,Tamil Nadu
Chhindwara Institute of Medical Sciences,AIQ,EWS,7647,2,Madhya Pradesh
Chhindwara Institute of Medical Sciences,AIQ,General,7026,5,Madhya Pradesh
Chhindwara Institute of Medical Sciences,AIQ,OBC,7385,5,Madhya Pradesh
Chhindwara Institute of Medical Sciences,AIQ,SC,12888,2,Madhya Pradesh
Chhindwara Institute of Medical Sciences,AIQ,ST,13283,1,Madhya Pradesh
Chikkamagaluru Institute of Medical Sciences,AIQ,EWS,9505,3,Karnataka
Chikkamagaluru Institute of Medical Sciences,AIQ,General,7952,8,Karnataka
Chikkamagaluru Institute of Medical Sciences,AIQ,OBC,8111,7,Karnataka
Chikkamagaluru Institute of Medical Sciences,AIQ,SC,13358,3,Karnataka
Chikkamagaluru Institute of Medical Sciences,AIQ,ST,14191,2,Karnataka
Chitradurga Medical College and Research Institute,AIQ,EWS,9446,2,Karnataka
Chitradurga Medical College and Research Institute,AIQ,General,8072,7,Karnataka
Chitradurga Medical College and Research Institute,AIQ,OBC,8307,7,Karnataka
Chitradurga Medical College and Research Institute,AIQ,SC,13447,3,Karnataka
Chitradurga Medical College and Research Institute,AIQ,ST,14210,1,Karnataka
College Government Medical College Alwar,AIQ,EWS,5681,1,Rajasthan
College Government Medical College Alwar,AIQ,General,4823,3,Rajasthan
College Government Medical College Alwar,AIQ,OBC,5621,7,Rajasthan
College Government Medical College Alwar,AIQ,SC,11368,2,Rajasthan
College Government Medical College Alwar,AIQ,ST,12172,1,Rajasthan
DATTA MEGHE MEDICAL COLLEGE WANADONGRI HINGNA NAGPUR,AIQ,EWS,20753,7,Maharashtra
DATTA MEGHE MEDICAL COLLEGE WANADONGRI HINGNA NAGPUR,AIQ,General,20814,62,Maharashtra
DATTA MEGHE MEDICAL COLLEGE WANADONGRI HINGNA NAGPUR,AIQ,OBC,20793,46,Maharashtra
DATTA MEGHE MEDICAL COLLEGE WANADONGRI HINGNA NAGPUR,AIQ,SC,20645,7,Maharashtra
DATTA MEGHE MEDICAL COLLEGE WANADONGRI HINGNA NAGPUR,AIQ,ST,19065,1,Maharashtra
DR. VAISHAMPAYAM MEMORIAL M.C.,AIQ,EWS,6771,4,Maharashtra
DR. VAISHAMPAYAM MEMORIAL M.C.,AIQ,General,6045,11,Maharashtra
DR. VAISHAMPAYAM MEMORIAL M.C.,AIQ,OBC,6615,9,Maharashtra
DR. VAISHAMPAYAM MEMORIAL M.C.,AIQ,SC,12371,3,Maharashtra
DR. VAISHAMPAYAM MEMORIAL M.C.,AIQ,ST,13478,2,Maharashtra
DR.RAJENDRA PRASAD MC,AIQ,EWS,3811,1,Himachal Pradesh
DR.RAJENDRA PRASAD MC,AIQ,General,26305,7,Himachal Pradesh
DR.RAJENDRA PRASAD MC,AIQ,OBC,4232,6,Himachal Pradesh
DR.RAJENDRA PRASAD MC,AIQ,SC,10701,2,Himachal Pradesh
DR.RAJENDRA PRASAD MC,AIQ,ST,11374,1,Himachal Pradesh
DR.S.C.GOVT MEDICAL COLLEGE,AIQ,General,20362,6,Maharashtra
DR.S.C.GOVT MEDICAL COLLEGE,AIQ,OBC,6951,7,Maharashtra
DR.S.C.GOVT MEDICAL COLLEGE,AIQ,SC,12487,4,Maharashtra
DR.S.C.GOVT MEDICAL COLLEGE,AIQ,ST,13644,2,Maharashtra
DR.S.N. MEDICAL COLLEGE,AIQ,EWS,3898,3,Rajasthan
DR.S.N. MEDICAL COLLEGE,AIQ,General,25312,12,Rajasthan
DR.S.N. MEDICAL COLLEGE,AIQ,OBC,3317,12,Rajasthan
DR.S.N. MEDICAL COLLEGE,AIQ,SC,10319,6,Rajasthan
DR.S.N. MEDICAL COLLEGE,AIQ,ST,11262,3,Rajasthan
Darbhanga Medical College,AIQ,EWS,5570,2,Bihar
Darbhanga Medical College,AIQ,General,5129,4,Bihar
Darbhanga Medical College,AIQ,OBC,5536,7,Bihar
Darbhanga Medical College,AIQ,SC,11912,3,Bihar
Darbhanga Medical College,AIQ,ST,13225,1,Bihar
Deben Mahata Government Medical College & Hospital,AIQ,EWS,8949,1,West Bengal
Deben Mahata Government Medical College & Hospital,AIQ,General,23161,6,West Bengal
Deben Mahata Government Medical College & Hospital,AIQ,OBC,8943,4,West Bengal
Deben Mahata Government Medical College & Hospital,AIQ,SC,13075,2,West Bengal
Deben Mahata Government Medical College & Hospital,AIQ,ST,14346,1,West Bengal
Dhubri Medical College,AIQ,EWS,9476,2,Assam
Dhubri Medical College,AIQ,General,26595,5,Assam
Dhubri Medical College,AIQ,OBC,9222,4,Assam
Dhubri Medical College,AIQ,SC,13529,2,Assam
Dhubri Medical College,AIQ,ST,14405,1,Assam
Diamond Harbour Govt Medical College,AIQ,EWS,6684,3,West Bengal
Diamond Harbour Govt Medical College,AIQ,General,25131,3,West Bengal
Diamond Harbour Govt Medical College,AIQ,OBC,6785,4,West Bengal
Diamond Harbour Govt Medical College,AIQ,SC,12521,3,West Bengal
Diamond Harbour Govt Medical College,AIQ,ST,13716,2,West Bengal
Diphu Medical College & Hospital,AIQ,EWS,9452,2,Assam
Diphu Medical College & Hospital,AIQ,General,9151,3,Assam
Diphu Medical College & Hospital,AIQ,OBC,9216,5,Assam
Diphu Medical College & Hospital,AIQ,SC,13373,2,Assam
Diphu Medical College & Hospital,AIQ,ST,13993,1,Assam
Dr Ram Manohar Lohia Inst. of Med. Sce.,AIQ,EWS,3235,2,Uttar Pradesh
Dr Ram Manohar Lohia Inst. of Med. Sce.,AIQ,General,2919,11,Uttar Pradesh
Dr Ram Manohar Lohia Inst. of Med. Sce.,AIQ,OBC,3542,7,Uttar Pradesh
Dr Ram Manohar Lohia Inst. of Med. Sce.,AIQ,SC,10183,5,Uttar Pradesh
Dr Ram Manohar Lohia Inst. of Med. Sce.,AIQ,ST,11597,3,Uttar Pradesh
Dr. B.R. Ambedkar State Institute of Medical Sciences,AIQ,EWS,4937,2,Punjab
Dr. B.R. Ambedkar State Institute of Medical Sciences,AIQ,General,3675,6,Punjab
Dr. B.R. Ambedkar State Institute of Medical Sciences,AIQ,OBC,4100,4,Punjab
Dr. B.R. Ambedkar State Institute of Medical Sciences,AIQ,SC,11442,2,Punjab
Dr. B.R. Ambedkar State Institute of Medical Sciences,AIQ,ST,12122,1,Punjab
Dr. B.S.A. Medical College,AIQ,EWS,2387,2,Delhi
Dr. B.S.A. Medical College,AIQ,General,1670,6,Delhi
Dr. B.S.A. Medical College,AIQ,OBC,2275,5,Delhi
Dr. B.S.A. Medical College,AIQ,SC,7792,3,Delhi
Dr. B.S.A. Medical College,AIQ,ST,7231,1,Delhi
Dr. DY Patil Medical College,AIQ,EWS,17615,1,Maharashtra
Dr. DY Patil Medical College,AIQ,General,21288,164,Maharashtra
Dr. DY Patil Medical College,AIQ,OBC,21078,27,Maharashtra
Dr. DY Patil Medical College,AIQ,SC,21207,10,Maharashtra
Dr. DY Patil Medical College and Hospt.,AIQ,EWS,19341,4,Maharashtra
Dr. DY Patil Medical College and Hospt.,AIQ,General,20851,167,Maharashtra
Dr. DY Patil Medical College and Hospt.,AIQ,OBC,20840,29,Maharashtra
Dr. DY Patil Medical College and Hospt.,AIQ,SC,20729,6,Maharashtra
Dr. DYP Edu. Soc. Deemed Uni.,AIQ,EWS,19210,8,Maharashtra
Dr. DYP Edu. Soc. Deemed Uni.,AIQ,General,19284,58,Maharashtra
Dr. DYP Edu. Soc. Deemed Uni.,AIQ,OBC,19231,49,Maharashtra
Dr. DYP Edu. Soc. Deemed Uni.,AIQ,SC,18988,7,Maharashtra
Dr. DYP Edu. Soc. Deemed Uni.,AIQ,ST,19295,1,Maharashtra
Dr. YS Parmar Govt. Medical College,AIQ,EWS,5312,1,Himachal Pradesh
Dr. YS Parmar Govt. Medical College,AIQ,General,4989,7,Himachal Pradesh
Dr. YS Parmar Govt. Medical College,AIQ,OBC,5690,5,Himachal Pradesh
Dr. YS Parmar Govt. Medical College,AIQ,SC,11717,3,Himachal Pradesh
Dr. YS Parmar Govt. Medical College,AIQ,ST,12834,2,Himachal Pradesh
Dr.Radhakrishnan Government Medical College,AIQ,EWS,5408,2,Himachal Pradesh
Dr.Radhakrishnan Government Medical College,AIQ,General,4924,3,Himachal Pradesh
Dr.Radhakrishnan Government Medical College,AIQ,OBC,5822,8,Himachal Pradesh
Dr.Radhakrishnan Government Medical College,AIQ,SC,11707,3,Himachal Pradesh
Dr.Radhakrishnan Government Medical College,AIQ,ST,11725,1,Himachal Pradesh
ESI-MC&PGIMS&R,AIQ,EWS,9819,15,Karnataka
ESI-MC&PGIMS&R,AIQ,General,26570,18,Karnataka
ESI-MC&PGIMS&R,AIQ,OBC,9885,28,Karnataka
ESI-MC&PGIMS&R,AIQ,SC,15193,13,Karnataka
ESI-MC&PGIMS&R,AIQ,ST,20758,7,Karnataka
ESIC Medical College,AIQ,EWS,10630,35,Karnataka
ESIC Medical College,AIQ,General,26515,42,Telangana
ESIC Medical College,AIQ,OBC,10441,79,Karnataka
ESIC Medical College,AIQ,SC,15992,29,Karnataka
ESIC Medical College,AIQ,ST,21524,11,Karnataka
ESIC Medical College AND PGIMSR,AIQ,EWS,10767,7,Tamil Nadu
ESIC Medical College AND PGIMSR,AIQ,General,25990,15,Tamil Nadu
ESIC Medical College AND PGIMSR,AIQ,OBC,9915,17,Tamil Nadu
ESIC Medical College AND PGIMSR,AIQ,SC,15001,8,Tamil Nadu
ESIC Medical College AND PGIMSR,AIQ,ST,22214,4,Tamil Nadu
ESIC PGIMSR,AIQ,EWS,10683,11,West Bengal
ESIC PGIMSR,AIQ,General,10170,20,West Bengal
ESIC PGIMSR,AIQ,OBC,10477,29,West Bengal
ESIC PGIMSR,AIQ,SC,16128,9,West Bengal
ESIC PGIMSR,AIQ,ST,22117,6,West Bengal
Employees State Insurance Corporation Medical College,AIQ,EWS,8335,9,Rajasthan
Employees State Insurance Corporation Medical College,AIQ,General,4986,6,Rajasthan
Employees State Insurance Corporation Medical College,AIQ,OBC,8409,21,Rajasthan
Employees State Insurance Corporation Medical College,AIQ,SC,14060,7,Rajasthan
Employees State Insurance Corporation Medical College,AIQ,ST,18103,3,Rajasthan
Fakhruddin Ali Ahmed Medical College,AIQ,EWS,9306,1,Assam
Fakhruddin Ali Ahmed Medical College,AIQ,General,8661,4,Assam
Fakhruddin Ali Ahmed Medical College,AIQ,OBC,9105,7,Assam
Fakhruddin Ali Ahmed Medical College,AIQ,SC,13540,3,Assam
Fakhruddin Ali Ahmed Medical College,AIQ,ST,13593,2,Assam
G.S.V.M. MEDICAL COLLEGE,AIQ,EWS,4183,5,Uttar Pradesh
G.S.V.M. MEDICAL COLLEGE,AIQ,General,24740,13,Uttar Pradesh
G.S.V.M. MEDICAL COLLEGE,AIQ,OBC,4136,9,Uttar Pradesh
G.S.V.M. MEDICAL COLLEGE,AIQ,SC,10711,3,Uttar Pradesh
G.S.V.M. MEDICAL COLLEGE,AIQ,ST,11809,2,Uttar Pradesh
GAJRA RAJA MEDICAL COLLEGE,AIQ,EWS,5410,3,Madhya Pradesh
GAJRA RAJA MEDICAL COLLEGE,AIQ,General,4429,11,Madhya Pradesh
GAJRA RAJA MEDICAL COLLEGE,AIQ,OBC,4871,8,Madhya Pradesh
GAJRA RAJA MEDICAL COLLEGE,AIQ,SC,11528,3,Madhya Pradesh
GAJRA RAJA MEDICAL COLLEGE,AIQ,ST,12004,2,Madhya Pradesh
GANDHI MEDICAL COLLEGE,AIQ,EWS,5050,4,
GANDHI MEDICAL COLLEGE,AIQ,General,16913,12,
GANDHI MEDICAL COLLEGE,AIQ,OBC,4635,11,
GANDHI MEDICAL COLLEGE,AIQ,SC,11274,6,
GANDHI MEDICAL COLLEGE,AIQ,ST,11964,2,
GITAM Institue of Med. Sce. and Res.,AIQ,EWS,20268,1,Andhra Pradesh
GITAM Institue of Med. Sce. and Res.,AIQ,General,21623,100,Andhra Pradesh
GITAM Institue of Med. Sce. and Res.,AIQ,OBC,21598,16,Andhra Pradesh
GITAM Institue of Med. Sce. and Res.,AIQ,SC,20980,4,Andhra Pradesh
GMC,AIQ,EWS,9568,6,Uttar Pradesh
GMC,AIQ,General,26357,15,Uttar Pradesh
GMC,AIQ,OBC,8942,31,Uttar Pradesh
GMC,AIQ,SC,12744,9,Uttar Pradesh
GMC,AIQ,ST,14079,5,Uttar Pradesh
GMC DAUSA RAJASTHAN,AIQ,EWS,5771,1,Rajasthan
GMC DAUSA RAJASTHAN,AIQ,General,5611,2,Rajasthan
GMC DAUSA RAJASTHAN,AIQ,OBC,6167,8,Rajasthan
GMC DAUSA RAJASTHAN,AIQ,SC,11748,2,Rajasthan
GMC DAUSA RAJASTHAN,AIQ,ST,12572,1,Rajasthan
GMC Jangaon,AIQ,EWS,9248,2,Telangana
GMC Jangaon,AIQ,General,23475,5,Telangana
GMC Jangaon,AIQ,OBC,9024,5,Telangana
GMC Jangaon,AIQ,SC,13379,2,Telangana
GMC Jangaon,AIQ,ST,14316,1,Telangana
GMC KARAULI,AIQ,EWS,6909,3,Rajasthan
GMC KARAULI,AIQ,General,6406,3,Rajasthan
GMC KARAULI,AIQ,OBC,6741,3,Rajasthan
GMC KARAULI,AIQ,SC,12391,3,Rajasthan
GMC KARAULI,AIQ,ST,13168,2,Rajasthan
GMC Kamareddy,AIQ,EWS,9607,1,Telangana
GMC Kamareddy,AIQ,General,9052,4,Telangana
GMC Kamareddy,AIQ,OBC,9134,7,Telangana
GMC Kamareddy,AIQ,SC,13525,2,Telangana
GMC Kamareddy,AIQ,ST,13853,1,Telangana
GMERS Medical College,AIQ,EWS,9224,6,Gujarat
GMERS Medical College,AIQ,General,25224,25,Gujarat
GMERS Medical College,AIQ,OBC,9055,22,Gujarat
GMERS Medical College,AIQ,SC,13263,10,Gujarat
GMERS Medical College,AIQ,ST,14547,5,Gujarat
GOA MEDICAL COLLEGE,AIQ,EWS,6578,2,Goa
GOA MEDICAL COLLEGE,AIQ,General,4855,11,Goa
GOA MEDICAL COLLEGE,AIQ,OBC,6052,8,Goa
GOA MEDICAL COLLEGE,AIQ,SC,11792,4,Goa
GOA MEDICAL COLLEGE,AIQ,ST,12851,2,Goa
GOVERMENT MEDICAL COLLEGE NANDURBAR MAHARARASTRA,AIQ,EWS,8309,2,Maharashtra
GOVERMENT MEDICAL COLLEGE NANDURBAR MAHARARASTRA,AIQ,General,22393,5,Maharashtra
GOVERMENT MEDICAL COLLEGE NANDURBAR MAHARARASTRA,AIQ,OBC,8017,4,Maharashtra
GOVERMENT MEDICAL COLLEGE NANDURBAR MAHARARASTRA,AIQ,SC,13246,2,Maharashtra
GOVERMENT MEDICAL COLLEGE NANDURBAR MAHARARASTRA,AIQ,ST,13920,1,Maharashtra
GOVERNMENT MEDICAL COLLEGE,AIQ,EWS,9466,25,Maharashtra
GOVERNMENT MEDICAL COLLEGE,AIQ,General,26373,82,Maharashtra
GOVERNMENT MEDICAL COLLEGE,AIQ,OBC,9132,74,Maharashtra
GOVERNMENT MEDICAL COLLEGE,AIQ,SC,13628,37,Maharashtra
GOVERNMENT MEDICAL COLLEGE,AIQ,ST,14253,19,Maharashtra
GOVERNMENT MEDICAL COLLEGE AND GENERAL HOSPITAL,AIQ,EWS,8702,2,Maharashtra
GOVERNMENT MEDICAL COLLEGE AND GENERAL HOSPITAL,AIQ,General,7043,3,Maharashtra
GOVERNMENT MEDICAL COLLEGE AND GENERAL HOSPITAL,AIQ,OBC,7738,3,Maharashtra
GOVERNMENT MEDICAL COLLEGE AND GENERAL HOSPITAL,AIQ,SC,13090,2,Maharashtra
GOVERNMENT MEDICAL COLLEGE AND GENERAL HOSPITAL,AIQ,ST,14122,2,Maharashtra
GOVERNMENT MEDICAL COLLEGE AND HOSPITAL,AIQ,EWS,1805,2,Chandigarh
GOVERNMENT MEDICAL COLLEGE AND HOSPITAL,AIQ,General,680,9,Chandigarh
GOVERNMENT MEDICAL COLLEGE AND HOSPITAL,AIQ,OBC,2337,5,Chandigarh
GOVERNMENT MEDICAL COLLEGE AND HOSPITAL,AIQ,SC,7345,3,Chandigarh
GOVERNMENT MEDICAL COLLEGE AND HOSPITAL,AIQ,ST,9765,1,Chandigarh
GOVERNMENT MEDICAL COLLEGE Karimnagar Telangana,AIQ,EWS,9331,1,Telangana
GOVERNMENT MEDICAL COLLEGE Karimnagar Telangana,AIQ,General,26127,6,Telangana
GOVERNMENT MEDICAL COLLEGE Karimnagar Telangana,AIQ,OBC,8963,5,Telangana
GOVERNMENT MEDICAL COLLEGE Karimnagar Telangana,AIQ,SC,13068,1,Telangana
GOVERNMENT MEDICAL COLLEGE Karimnagar Telangana,AIQ,ST,14565,1,Telangana
GOVERNMENT MEDICAL COLLEGE MACHILIPATNAM,AIQ,EWS,9601,3,Andhra Pradesh
GOVERNMENT MEDICAL COLLEGE MACHILIPATNAM,AIQ,General,25770,5,Andhra Pradesh
GOVERNMENT MEDICAL COLLEGE MACHILIPATNAM,AIQ,OBC,9065,7,Andhra Pradesh
GOVERNMENT MEDICAL COLLEGE MACHILIPATNAM,AIQ,SC,12803,3,Andhra Pradesh
GOVERNMENT MEDICAL COLLEGE MACHILIPATNAM,AIQ,ST,14614,2,Andhra Pradesh
GOVERNMENT MEDICAL COLLEGE NANDYAL,AIQ,EWS,9619,2,Andhra Pradesh
GOVERNMENT MEDICAL COLLEGE NANDYAL,AIQ,General,8798,6,Andhra Pradesh
GOVERNMENT MEDICAL COLLEGE NANDYAL,AIQ,OBC,9011,9,Andhra Pradesh
GOVERNMENT MEDICAL COLLEGE NANDYAL,AIQ,SC,13119,3,Andhra Pradesh
GOVERNMENT MEDICAL COLLEGE NANDYAL,AIQ,ST,14088,1,Andhra Pradesh
GOVERNMENT MEDICAL COLLEGE PURNEA,AIQ,EWS,7893,1,Bihar
GOVERNMENT MEDICAL COLLEGE PURNEA,AIQ,General,25650,6,Bihar
GOVERNMENT MEDICAL COLLEGE PURNEA,AIQ,OBC,8191,5,Bihar
GOVERNMENT MEDICAL COLLEGE PURNEA,AIQ,SC,13203,2,Bihar
GOVERNMENT MEDICAL COLLEGE PURNEA,AIQ,ST,13997,1,Bihar
GOVT MEDICAL COLLEGE,AIQ,EWS,9618,3,Telangana
GOVT MEDICAL COLLEGE,AIQ,General,26315,5,Telangana
GOVT MEDICAL COLLEGE,AIQ,OBC,9253,9,Telangana
GOVT MEDICAL COLLEGE,AIQ,SC,13722,3,Telangana
GOVT MEDICAL COLLEGE,AIQ,ST,14526,1,Telangana
GOVT MEDICAL COLLEGE VIZIANAGARAM,AIQ,EWS,9590,3,Andhra Pradesh
GOVT MEDICAL COLLEGE VIZIANAGARAM,AIQ,General,8755,4,Andhra Pradesh
GOVT MEDICAL COLLEGE VIZIANAGARAM,AIQ,OBC,9102,11,Andhra Pradesh
GOVT MEDICAL COLLEGE VIZIANAGARAM,AIQ,SC,13034,3,Andhra Pradesh
GOVT MEDICAL COLLEGE VIZIANAGARAM,AIQ,ST,14099,1,Andhra Pradesh
GOVT. DHARAMAPURI MED COLL,AIQ,EWS,9407,1,Tamil Nadu
GOVT. DHARAMAPURI MED COLL,AIQ,General,5272,4,Tamil Nadu
GOVT. DHARAMAPURI MED COLL,AIQ,OBC,5722,7,Tamil Nadu
GOVT. DHARAMAPURI MED COLL,AIQ,SC,11248,2,Tamil Nadu
GOVT. DHARAMAPURI MED COLL,AIQ,ST,14185,1,Tamil Nadu
GOVT. KILPAUK MEDICAL COLLEGE,AIQ,EWS,7603,3,Tamil Nadu
GOVT. KILPAUK MEDICAL COLLEGE,AIQ,General,21712,7,Tamil Nadu
GOVT. KILPAUK MEDICAL COLLEGE,AIQ,OBC,2177,8,Tamil Nadu
GOVT. KILPAUK MEDICAL COLLEGE,AIQ,SC,8608,3,Tamil Nadu
GOVT. KILPAUK MEDICAL COLLEGE,AIQ,ST,12034,1,Tamil Nadu
GOVT. MEDICAL COLLEGE,AIQ,EWS,9261,21,Kerala
GOVT. MEDICAL COLLEGE,AIQ,General,26177,58,Maharashtra
GOVT. MEDICAL COLLEGE,AIQ,OBC,5887,78,Kerala
GOVT. MEDICAL COLLEGE,AIQ,SC,11540,30,Maharashtra
GOVT. MEDICAL COLLEGE,AIQ,ST,14084,14,Maharashtra
GOVT. MOHAN KUMARAMANGALAM M.C.,AIQ,EWS,9363,1,Tamil Nadu
GOVT. MOHAN KUMARAMANGALAM M.C.,AIQ,General,25677,4,Tamil Nadu
GOVT. MOHAN KUMARAMANGALAM M.C.,AIQ,OBC,4215,6,Tamil Nadu
GOVT. MOHAN KUMARAMANGALAM M.C.,AIQ,SC,10000,2,Tamil Nadu
GOVT. MOHAN KUMARAMANGALAM M.C.,AIQ,ST,13712,1,Tamil Nadu
GOVT. VELLORE MEDICAL COLLEGE,AIQ,EWS,6629,1,Tamil Nadu
GOVT. VELLORE MEDICAL COLLEGE,AIQ,General,3641,4,Tamil Nadu
GOVT. VELLORE MEDICAL COLLEGE,AIQ,OBC,4047,5,Tamil Nadu
GOVT. VELLORE MEDICAL COLLEGE,AIQ,SC,10260,3,Tamil Nadu
GOVT. VELLORE MEDICAL COLLEGE,AIQ,ST,13054,1,Tamil Nadu
GOVT.MEDICAL COLLEGE,AIQ,EWS,6541,12,Kerala
GOVT.MEDICAL COLLEGE,AIQ,General,26510,42,Kerala
GOVT.MEDICAL COLLEGE,AIQ,OBC,5564,52,Kerala
GOVT.MEDICAL COLLEGE,AIQ,SC,11433,20,Kerala
GOVT.MEDICAL COLLEGE,AIQ,ST,13426,9,Kerala
GRANT MEDICAL COLL & SIR J.J.HOSP,AIQ,EWS,4018,4,Maharashtra
GRANT MEDICAL COLL & SIR J.J.HOSP,AIQ,General,23482,16,Maharashtra
GRANT MEDICAL COLL & SIR J.J.HOSP,AIQ,OBC,3636,9,Maharashtra
GRANT MEDICAL COLL & SIR J.J.HOSP,AIQ,SC,9656,4,Maharashtra
GRANT MEDICAL COLL & SIR J.J.HOSP,AIQ,ST,11771,3,Maharashtra
GTMC,AIQ,EWS,9645,2,Tamil Nadu
GTMC,AIQ,General,26365,5,Tamil Nadu
GTMC,AIQ,OBC,6312,4,Tamil Nadu
GTMC,AIQ,SC,11833,2,Tamil Nadu
GTMC,AIQ,ST,14778,2,Tamil Nadu
GUNTUR MEDICAL COLLEGE,AIQ,EWS,5635,4,Andhra Pradesh
GUNTUR MEDICAL COLLEGE,AIQ,General,24925,11,Andhra Pradesh
GUNTUR MEDICAL COLLEGE,AIQ,OBC,5139,10,Andhra Pradesh
GUNTUR MEDICAL COLLEGE,AIQ,SC,10960,6,Andhra Pradesh
GUNTUR MEDICAL COLLEGE,AIQ,ST,12158,3,Andhra Pradesh
GURU GOVIND SINGH MED COLL,AIQ,EWS,6461,3,Punjab
GURU GOVIND SINGH MED COLL,AIQ,General,23038,8,Punjab
GURU GOVIND SINGH MED COLL,AIQ,OBC,5769,6,Punjab
GURU GOVIND SINGH MED COLL,AIQ,SC,11619,2,Punjab
GURU GOVIND SINGH MED COLL,AIQ,ST,13231,2,Punjab
GUWAHATI MEDICAL COLLEGE,AIQ,EWS,6090,5,Assam
GUWAHATI MEDICAL COLLEGE,AIQ,General,4591,8,Assam
GUWAHATI MEDICAL COLLEGE,AIQ,OBC,5934,10,Assam
GUWAHATI MEDICAL COLLEGE,AIQ,SC,10922,4,Assam
GUWAHATI MEDICAL COLLEGE,AIQ,ST,11783,2,Assam
GVMC,AIQ,EWS,9588,1,Tamil Nadu
GVMC,AIQ,General,5250,3,Tamil Nadu
GVMC,AIQ,OBC,5530,6,Tamil Nadu
GVMC,AIQ,SC,10526,2,Tamil Nadu
GVMC,AIQ,ST,13543,1,Tamil Nadu
Gadag Institute of Medical Sciences,AIQ,EWS,9122,2,Karnataka
Gadag Institute of Medical Sciences,AIQ,General,7428,6,Karnataka
Gadag Institute of Medical Sciences,AIQ,OBC,7823,8,Karnataka
Gadag Institute of Medical Sciences,AIQ,SC,13319,3,Karnataka
Gadag Institute of Medical Sciences,AIQ,ST,13126,2,Karnataka
Gandhi Medical College Musheerabad Secunderabad,AIQ,EWS,3918,2,Telangana
Gandhi Medical College Musheerabad Secunderabad,AIQ,General,2015,12,Telangana
Gandhi Medical College Musheerabad Secunderabad,AIQ,OBC,3075,9,Telangana
Gandhi Medical College Musheerabad Secunderabad,AIQ,SC,10316,3,Telangana
Gandhi Medical College Musheerabad Secunderabad,AIQ,ST,11275,2,Telangana
General PwD,AIQ,General,26579,155,
Gmc,AIQ,EWS,7416,1,Uttar Pradesh
Gmc,AIQ,General,7053,2,Uttar Pradesh
Gmc,AIQ,OBC,7176,6,Uttar Pradesh
Gmc,AIQ,SC,12822,3,Uttar Pradesh
Gmc,AIQ,ST,13639,2,Uttar Pradesh
Goverment Medical College,AIQ,EWS,8851,4,Bihar
Goverment Medical College,AIQ,General,8625,14,Maharashtra
Goverment Medical College,AIQ,OBC,8848,20,Bihar
Goverment Medical College,AIQ,SC,13325,8,Maharashtra
Goverment Medical College,AIQ,ST,14287,4,Bihar
Goverment Medical College And Hospital Jalgaon,AIQ,EWS,8332,2,Maharashtra
Goverment Medical College And Hospital Jalgaon,AIQ,General,7595,4,Maharashtra
Goverment Medical College And Hospital Jalgaon,AIQ,OBC,7906,13,Maharashtra
Goverment Medical College And Hospital Jalgaon,AIQ,SC,13019,3,Maharashtra
Goverment Medical College And Hospital Jalgaon,AIQ,ST,13916,1,Maharashtra
Government Doon Medcial College,AIQ,EWS,4997,1,Uttarakhand
Government Doon Medcial College,AIQ,General,26418,8,Uttarakhand
Government Doon Medcial College,AIQ,OBC,4826,6,Uttarakhand
Government Doon Medcial College,AIQ,SC,11471,3,Uttarakhand
Government Doon Medcial College,AIQ,ST,12551,2,Uttarakhand
Government Medcial College,AIQ,EWS,8654,3,Maharashtra
Government Medcial College,AIQ,General,24581,8,Maharashtra
Government Medcial College,AIQ,OBC,8050,7,Maharashtra
Government Medcial College,AIQ,SC,13155,3,Maharashtra
Government Medcial College,AIQ,ST,14044,2,Maharashtra
Government Medical College,AIQ,EWS,10811,92,Tamil Nadu
Government Medical College,AIQ,General,26576,266,Telangana
Government Medical College,AIQ,OBC,9875,354,Tamil Nadu
Government Medical College,AIQ,SC,14733,129,Telangana
Government Medical College,AIQ,ST,22245,62,Telangana
Government Medical College & Hospital,AIQ,EWS,9388,3,West Bengal
Government Medical College & Hospital,AIQ,General,25108,6,Maharashtra
Government Medical College & Hospital,AIQ,OBC,8767,11,Maharashtra
Government Medical College & Hospital,AIQ,SC,13275,4,West Bengal
Government Medical College & Hospital,AIQ,ST,14514,1,West Bengal
Government Medical College Chittorgarh,AIQ,EWS,6857,3,Rajasthan
Government Medical College Chittorgarh,AIQ,General,24981,4,Rajasthan
Government Medical College Chittorgarh,AIQ,OBC,5972,4,Rajasthan
Government Medical College Chittorgarh,AIQ,SC,11723,2,Rajasthan
Government Medical College Chittorgarh,AIQ,ST,12613,1,Rajasthan
Government Medical College Mahasamund Chhattisgarh,AIQ,EWS,9003,2,Chhattisgarh
Government Medical College Mahasamund Chhattisgarh,AIQ,General,8238,3,Chhattisgarh
Government Medical College Mahasamund Chhattisgarh,AIQ,OBC,8636,7,Chhattisgarh
Government Medical College Mahasamund Chhattisgarh,AIQ,SC,13047,3,Chhattisgarh
Government Medical College Mahasamund Chhattisgarh,AIQ,ST,14248,2,Chhattisgarh
Government Medical College Narsampet,AIQ,EWS,9487,2,Telangana
Government Medical College Narsampet,AIQ,General,7505,1,Telangana
Government Medical College Narsampet,AIQ,OBC,9057,1,Telangana
Government Medical College Narsampet,AIQ,SC,13556,1,Telangana
Government Medical College Nirmal,AIQ,EWS,9660,2,Telangana
Government Medical College Nirmal,AIQ,General,9080,5,Telangana
Government Medical College Nirmal,AIQ,OBC,9268,5,Telangana
Government Medical College Nirmal,AIQ,SC,13177,2,Telangana
Government Medical College Nirmal,AIQ,ST,13701,1,Telangana
Government Medical College Satna,AIQ,EWS,8181,3,Madhya Pradesh
Government Medical College Satna,AIQ,General,26472,6,Madhya Pradesh
Government Medical College Satna,AIQ,OBC,7646,6,Madhya Pradesh
Government Medical College Satna,AIQ,SC,12839,2,Madhya Pradesh
Government Medical College Satna,AIQ,ST,13692,2,Madhya Pradesh
Government Medical College Siddipet,AIQ,EWS,9146,3,Telangana
Government Medical College Siddipet,AIQ,General,8288,5,Telangana
Government Medical College Siddipet,AIQ,OBC,8699,10,Telangana
Government Medical College Siddipet,AIQ,SC,13044,3,Telangana
Government Medical College Suryapet,AIQ,EWS,9456,2,Telangana
Government Medical College Suryapet,AIQ,General,26608,8,Telangana
Government Medical College Suryapet,AIQ,OBC,8705,6,Telangana
Government Medical College Suryapet,AIQ,SC,13345,3,Telangana
Government Medical College Suryapet,AIQ,ST,13821,1,Telangana
Government Medical College and District General Hospital,AIQ,EWS,8513,1,Maharashtra
Government Medical College and District General Hospital,AIQ,General,7802,5,Maharashtra
Government Medical College and District General Hospital,AIQ,OBC,8045,4,Maharashtra
Government Medical College and District General Hospital,AIQ,SC,13232,3,Maharashtra
Government Medical College and District General Hospital,AIQ,ST,14119,1,Maharashtra
Government Medical College and ESIC Hospital,AIQ,EWS,10791,2,Tamil Nadu
Government Medical College and ESIC Hospital,AIQ,General,25101,8,Tamil Nadu
Government Medical College and ESIC Hospital,AIQ,OBC,9739,16,Tamil Nadu
Government Medical College and ESIC Hospital,AIQ,SC,13152,5,Tamil Nadu
Government Medical College and ESIC Hospital,AIQ,ST,16402,2,Tamil Nadu
Government Medical College and Hospital,AIQ,EWS,9313,1,Odisha
Government Medical College and Hospital,AIQ,General,7975,5,Odisha
Government Medical College and Hospital,AIQ,OBC,8847,7,Odisha
Government Medical College and Hospital,AIQ,SC,12752,3,Odisha
Government Medical College and Hospital,AIQ,ST,14748,2,Odisha
Government Medical college,AIQ,EWS,8483,3,Maharashtra
Government Medical college,AIQ,General,7918,9,Uttarakhand
Government Medical college,AIQ,OBC,8544,10,Maharashtra
Government Medical college,AIQ,SC,12481,5,Maharashtra
Government Medical college,AIQ,ST,14214,2,Uttarakhand
Government medical College,AIQ,EWS,9629,1,Andhra Pradesh
Government medical College,AIQ,General,23783,6,Tamil Nadu
Government medical College,AIQ,OBC,9111,6,Tamil Nadu
Government medical College,AIQ,SC,12721,4,Tamil Nadu
Government medical College,AIQ,ST,14727,2,Andhra Pradesh
Government of Medical College and Hospital,AIQ,EWS,7101,1,Odisha
Government of Medical College and Hospital,AIQ,General,6534,5,Odisha
Government of Medical College and Hospital,AIQ,OBC,7045,5,Odisha
Government of Medical College and Hospital,AIQ,SC,11860,2,Odisha
Government of Medical College and Hospital,AIQ,ST,14676,1,Odisha
Govt Medical College,AIQ,EWS,9573,9,Rajasthan
Govt Medical College,AIQ,General,26226,29,Rajasthan
Govt Medical College,AIQ,OBC,9200,49,Rajasthan
Govt Medical College,AIQ,SC,13706,18,Rajasthan
Govt Medical College,AIQ,ST,14786,10,Rajasthan
Govt Medical College Badaun,AIQ,EWS,7122,2,
Govt Medical College Badaun,AIQ,General,6510,5,
Govt Medical College Badaun,AIQ,OBC,6905,4,
Govt Medical College Badaun,AIQ,SC,12534,2,
Govt Medical College Badaun,AIQ,ST,13307,1,
Govt Medical College Baramati,AIQ,EWS,6222,1,Maharashtra
Govt Medical College Baramati,AIQ,General,5674,6,Maharashtra
Govt Medical College Baramati,AIQ,OBC,6047,4,Maharashtra
Govt Medical College Baramati,AIQ,SC,11128,2,Maharashtra
Govt Medical College Baramati,AIQ,ST,12001,1,Maharashtra
Govt Medical College Barmer Rajasthan,AIQ,EWS,6191,1,Rajasthan
Govt Medical College Barmer Rajasthan,AIQ,General,5418,3,Rajasthan
Govt Medical College Barmer Rajasthan,AIQ,OBC,5881,9,Rajasthan
Govt Medical College Barmer Rajasthan,AIQ,SC,11764,3,Rajasthan
Govt Medical College Barmer Rajasthan,AIQ,ST,12784,1,Rajasthan
Govt Medical College Basti,AIQ,EWS,7460,1,Uttar Pradesh
Govt Medical College Basti,AIQ,General,24396,5,Uttar Pradesh
Govt Medical College Basti,AIQ,OBC,6950,5,Uttar Pradesh
Govt Medical College Basti,AIQ,SC,12831,2,Uttar Pradesh
Govt Medical College Basti,AIQ,ST,13213,1,Uttar Pradesh
Govt Medical College Faizabad,AIQ,EWS,7247,3,Uttar Pradesh
Govt Medical College Faizabad,AIQ,General,5928,2,Uttar Pradesh
Govt Medical College Faizabad,AIQ,OBC,6701,6,Uttar Pradesh
Govt Medical College Faizabad,AIQ,SC,12513,2,Uttar Pradesh
Govt Medical College Faizabad,AIQ,ST,13125,1,Uttar Pradesh
Govt Medical College Firozabad,AIQ,EWS,6888,1,Uttar Pradesh
Govt Medical College Firozabad,AIQ,General,26513,8,Uttar Pradesh
Govt Medical College Firozabad,AIQ,OBC,6823,5,Uttar Pradesh
Govt Medical College Firozabad,AIQ,SC,12153,1,Uttar Pradesh
Govt Medical College Kannur,AIQ,EWS,8690,2,Kerala
Govt Medical College Kannur,AIQ,General,3674,4,Kerala
Govt Medical College Kannur,AIQ,OBC,3827,5,Kerala
Govt Medical College Kannur,AIQ,SC,12030,3,Kerala
Govt Medical College Kannur,AIQ,ST,13922,1,Kerala
Govt Medical College Nalgonda,AIQ,EWS,9405,1,Telangana
Govt Medical College Nalgonda,AIQ,General,8472,6,Telangana
Govt Medical College Nalgonda,AIQ,OBC,8815,7,Telangana
Govt Medical College Nalgonda,AIQ,SC,13252,3,Telangana
Govt Medical College Nalgonda,AIQ,ST,13851,1,Telangana
Govt Medical College Ratlam,AIQ,EWS,7164,4,Madhya Pradesh
Govt Medical College Ratlam,AIQ,General,6083,8,Madhya Pradesh
Govt Medical College Ratlam,AIQ,OBC,6429,8,Madhya Pradesh
Govt Medical College Ratlam,AIQ,SC,12383,4,Madhya Pradesh
Govt Medical College Ratlam,AIQ,ST,13142,2,Madhya Pradesh
Govt Medical College Shahdol,AIQ,EWS,7093,1,Madhya Pradesh
Govt Medical College Shahdol,AIQ,General,24413,6,Madhya Pradesh
Govt Medical College Shahdol,AIQ,OBC,7310,4,Madhya Pradesh
Govt Medical College Shahdol,AIQ,SC,12580,2,Madhya Pradesh
Govt Medical College Shahdol,AIQ,ST,13331,1,Madhya Pradesh
Govt Medical College Vikarabad,AIQ,EWS,9662,1,Telangana
Govt Medical College Vikarabad,AIQ,General,9109,7,Telangana
Govt Medical College Vikarabad,AIQ,OBC,9249,5,Telangana
Govt Medical College Vikarabad,AIQ,SC,13704,1,Telangana
Govt Medical College Vikarabad,AIQ,ST,14301,1,Telangana
Govt Medical college Shivpuri,AIQ,EWS,7265,2,Madhya Pradesh
Govt Medical college Shivpuri,AIQ,General,6470,5,Madhya Pradesh
Govt Medical college Shivpuri,AIQ,OBC,6832,5,Madhya Pradesh
Govt Medical college Shivpuri,AIQ,SC,12461,2,Madhya Pradesh
Govt Medical college Shivpuri,AIQ,ST,13082,1,Madhya Pradesh
Govt institute of Medcial Sciences,AIQ,EWS,4155,1,Uttar Pradesh
Govt institute of Medcial Sciences,AIQ,General,3613,3,Uttar Pradesh
Govt institute of Medcial Sciences,AIQ,OBC,3810,6,Uttar Pradesh
Govt institute of Medcial Sciences,AIQ,SC,10835,2,Uttar Pradesh
Govt institute of Medcial Sciences,AIQ,ST,12308,1,Uttar Pradesh
Govt. Medical College,AIQ,EWS,9458,12,Jammu and Kashmir
Govt. Medical College,AIQ,General,25974,43,Jammu and Kashmir
Govt. Medical College,AIQ,OBC,9285,38,Jammu and Kashmir
Govt. Medical College,AIQ,SC,13775,18,Jammu and Kashmir
Govt. Medical College,AIQ,ST,14751,10,Jammu and Kashmir
Govt. Medical College Jayashankar Bhupalpally,AIQ,EWS,9636,1,Telangana
Govt. Medical College Jayashankar Bhupalpally,AIQ,General,9203,6,Telangana
Govt. Medical College Jayashankar Bhupalpally,AIQ,OBC,9293,5,Telangana
Govt. Medical College Jayashankar Bhupalpally,AIQ,SC,13696,2,Telangana
Govt. Medical College Jayashankar Bhupalpally,AIQ,ST,14681,1,Telangana
Govt. Medical College Karur,AIQ,EWS,9695,2,Tamil Nadu
Govt. Medical College Karur,AIQ,General,5729,5,Tamil Nadu
Govt. Medical College Karur,AIQ,OBC,5936,7,Tamil Nadu
Govt. Medical College Karur,AIQ,SC,11881,3,Tamil Nadu
Govt. Medical College Karur,AIQ,ST,14659,1,Tamil Nadu
Govt. Medical College Rajanna Sircilla,AIQ,EWS,9349,1,Telangana
Govt. Medical College Rajanna Sircilla,AIQ,General,8184,3,Telangana
Govt. Medical College Rajanna Sircilla,AIQ,OBC,8773,6,Telangana
Govt. Medical College Rajanna Sircilla,AIQ,SC,13298,3,Telangana
Govt. Medical College Rajanna Sircilla,AIQ,ST,11877,1,Telangana
Govt. Medical College and Hospital,AIQ,EWS,8342,2,Maharashtra
Govt. Medical College and Hospital,AIQ,General,7381,4,Maharashtra
Govt. Medical College and Hospital,AIQ,OBC,7858,10,Maharashtra
Govt. Medical College and Hospital,AIQ,SC,13012,3,Maharashtra
Govt. Medical College and Hospital,AIQ,ST,13463,2,Maharashtra
Govt. Pudukkottai Medical College Hopt.,AIQ,EWS,9696,3,Tamil Nadu
Govt. Pudukkottai Medical College Hopt.,AIQ,General,6357,1,Tamil Nadu
Govt. Pudukkottai Medical College Hopt.,AIQ,OBC,6467,13,Tamil Nadu
Govt. Pudukkottai Medical College Hopt.,AIQ,SC,11887,3,Tamil Nadu
Govt. Pudukkottai Medical College Hopt.,AIQ,ST,14712,2,Tamil Nadu
Govt. Sivgangai M. C. Sivagangai,AIQ,EWS,9369,1,Tamil Nadu
Govt. Sivgangai M. C. Sivagangai,AIQ,General,5721,2,Tamil Nadu
Govt. Sivgangai M. C. Sivagangai,AIQ,OBC,6532,8,Tamil Nadu
Govt. Sivgangai M. C. Sivagangai,AIQ,SC,11882,2,Tamil Nadu
Govt. Sivgangai M. C. Sivagangai,AIQ,ST,14854,1,Tamil Nadu
Graphic Era Institute Of Medical Science,AIQ,General,21705,104,Uttarakhand
Graphic Era Institute Of Medical Science,AIQ,OBC,21644,11,Uttarakhand
Graphic Era Institute Of Medical Science,AIQ,ST,21650,2,Uttarakhand
Gulbarga Institute of Medical Sciences,AIQ,EWS,8682,2,Karnataka
Gulbarga Institute of Medical Sciences,AIQ,General,26524,8,Karnataka
Gulbarga Institute of Medical Sciences,AIQ,OBC,7144,7,Karnataka
Gulbarga Institute of Medical Sciences,AIQ,SC,12599,4,Karnataka
Gulbarga Institute of Medical Sciences,AIQ,ST,13686,2,Karnataka
HASSAN INST. MEDICAL SCIENCES,AIQ,EWS,8204,2,Karnataka
HASSAN INST. MEDICAL SCIENCES,AIQ,General,5529,9,Karnataka
HASSAN INST. MEDICAL SCIENCES,AIQ,OBC,6340,6,Karnataka
HASSAN INST. MEDICAL SCIENCES,AIQ,SC,11982,3,Karnataka
HASSAN INST. MEDICAL SCIENCES,AIQ,ST,12589,1,Karnataka
Haveri Institute of Medical Sciences,AIQ,EWS,9460,2,Karnataka
Haveri Institute of Medical Sciences,AIQ,General,7810,6,Karnataka
Haveri Institute of Medical Sciences,AIQ,OBC,8246,9,Karnataka
Haveri Institute of Medical Sciences,AIQ,SC,13363,3,Karnataka
Haveri Institute of Medical Sciences,AIQ,ST,14286,2,Karnataka
Hinduhridayasamrat Balasaheb Thackeray Medical College and Dr. R. N. Cooper Municipal General Hospital,AIQ,EWS,5370,3,Maharashtra
Hinduhridayasamrat Balasaheb Thackeray Medical College and Dr. R. N. Cooper Municipal General Hospital,AIQ,General,20835,9,Maharashtra
Hinduhridayasamrat Balasaheb Thackeray Medical College and Dr. R. N. Cooper Municipal General Hospital,AIQ,OBC,4489,9,Maharashtra
Hinduhridayasamrat Balasaheb Thackeray Medical College and Dr. R. N. Cooper Municipal General Hospital,AIQ,SC,10985,5,Maharashtra
Hinduhridayasamrat Balasaheb Thackeray Medical College and Dr. R. N. Cooper Municipal General Hospital,AIQ,ST,12821,1,Maharashtra
INDIRA GANDHI GOVT.MEDICAL COLL.,AIQ,EWS,4898,2,Maharashtra
INDIRA GANDHI GOVT.MEDICAL COLL.,AIQ,General,4451,12,Maharashtra
INDIRA GANDHI GOVT.MEDICAL COLL.,AIQ,OBC,5249,10,Maharashtra
INDIRA GANDHI GOVT.MEDICAL COLL.,AIQ,SC,11085,4,Maharashtra
INDIRA GANDHI GOVT.MEDICAL COLL.,AIQ,ST,12669,2,Maharashtra
INDIRA GANDHI MEDICAL COLL.,AIQ,EWS,3231,1,Himachal Pradesh
INDIRA GANDHI MEDICAL COLL.,AIQ,General,22258,8,Himachal Pradesh
INDIRA GANDHI MEDICAL COLL.,AIQ,OBC,3342,4,Himachal Pradesh
INDIRA GANDHI MEDICAL COLL.,AIQ,SC,9805,2,Himachal Pradesh
INDIRA GANDHI MEDICAL COLL.,AIQ,ST,11574,2,Himachal Pradesh
INST OF PG MED EDU & RESEARCH,AIQ,EWS,3821,3,
INST OF PG MED EDU & RESEARCH,AIQ,General,18099,13,
INST OF PG MED EDU & RESEARCH,AIQ,OBC,3816,7,
INST OF PG MED EDU & RESEARCH,AIQ,SC,9481,4,
INST OF PG MED EDU & RESEARCH,AIQ,ST,12276,2,
INST.OF MED.SCIENCES,AIQ,EWS,2030,10,Uttar Pradesh
INST.OF MED.SCIENCES,AIQ,General,24940,33,Uttar Pradesh
INST.OF MED.SCIENCES,AIQ,OBC,1702,33,Uttar Pradesh
INST.OF MED.SCIENCES,AIQ,SC,7644,14,Uttar Pradesh
INST.OF MED.SCIENCES,AIQ,ST,9757,8,Uttar Pradesh
IRT Perundurai Medical College,AIQ,EWS,9542,1,Tamil Nadu
IRT Perundurai Medical College,AIQ,General,5320,3,Tamil Nadu
IRT Perundurai Medical College,AIQ,OBC,5693,7,Tamil Nadu
IRT Perundurai Medical College,AIQ,SC,11398,2,Tamil Nadu
IRT Perundurai Medical College,AIQ,ST,13576,1,Tamil Nadu
Indira Gandhi Institute of Medical Sciences,AIQ,EWS,4145,2,Bihar
Indira Gandhi Institute of Medical Sciences,AIQ,General,3657,5,Bihar
Indira Gandhi Institute of Medical Sciences,AIQ,OBC,4010,9,Bihar
Indira Gandhi Institute of Medical Sciences,AIQ,SC,11253,3,Bihar
Indira Gandhi Institute of Medical Sciences,AIQ,ST,12511,2,Bihar
Indira Gandhi Medical College & RI,AIQ,EWS,8029,1,Puducherry
Indira Gandhi Medical College & RI,AIQ,General,25146,7,Puducherry
Indira Gandhi Medical College & RI,AIQ,OBC,6670,7,Puducherry
Indira Gandhi Medical College & RI,AIQ,SC,11844,4,Puducherry
Indira Gandhi Medical College & RI,AIQ,ST,13326,2,Puducherry
Institute of Medical Sciences & SUM Hospital,AIQ,EWS,15260,2,Odisha
Institute of Medical Sciences & SUM Hospital,AIQ,General,15995,102,Odisha
Institute of Medical Sciences & SUM Hospital,AIQ,OBC,15698,16,Odisha
Institute of Medical Sciences & SUM Hospital,AIQ,SC,16002,3,Odisha
Institute of Medical Sciences and SUM Host.,AIQ,EWS,17120,4,Odisha
Institute of Medical Sciences and SUM Host.,AIQ,General,17264,174,Odisha
Institute of Medical Sciences and SUM Host.,AIQ,OBC,17268,23,Odisha
Institute of Medical Sciences and SUM Host.,AIQ,SC,17026,6,Odisha
Institute of Medical Sciences and SUM Host.,AIQ,ST,17093,1,Odisha
J R MEDICAL COLLEGE AND HOSPITAL,AIQ,General,25549,55,Tamil Nadu
J R MEDICAL COLLEGE AND HOSPITAL,AIQ,OBC,25561,72,Tamil Nadu
J R MEDICAL COLLEGE AND HOSPITAL,AIQ,SC,25523,14,Tamil Nadu
J R MEDICAL COLLEGE AND HOSPITAL,AIQ,ST,25103,2,Tamil Nadu
JAWAHAR LAL NEHRU MEDICAL,AIQ,EWS,4304,6,Rajasthan
JAWAHAR LAL NEHRU MEDICAL,AIQ,General,19684,4,Rajasthan
JAWAHAR LAL NEHRU MEDICAL,AIQ,OBC,3650,16,Rajasthan
JAWAHAR LAL NEHRU MEDICAL,AIQ,SC,10532,5,Rajasthan
JAWAHAR LAL NEHRU MEDICAL,AIQ,ST,11481,3,Rajasthan
JHALAWAR MEDICAL COLLEGE,AIQ,EWS,5155,2,Rajasthan
JHALAWAR MEDICAL COLLEGE,AIQ,General,23183,4,Rajasthan
JHALAWAR MEDICAL COLLEGE,AIQ,OBC,4643,15,Rajasthan
JHALAWAR MEDICAL COLLEGE,AIQ,SC,11206,5,Rajasthan
JHALAWAR MEDICAL COLLEGE,AIQ,ST,11706,2,Rajasthan
JIPMER KARAIKAL,AIQ,EWS,21828,7,Puducherry
JIPMER KARAIKAL,AIQ,General,22286,12,Puducherry
JIPMER KARAIKAL,AIQ,OBC,11325,25,Puducherry
JIPMER KARAIKAL,AIQ,SC,14397,9,Puducherry
JIPMER KARAIKAL,AIQ,ST,11153,4,Puducherry
JIPMER PUDUCHERRY,AIQ,EWS,19939,16,Puducherry
JIPMER PUDUCHERRY,AIQ,General,26589,51,Puducherry
JIPMER PUDUCHERRY,AIQ,OBC,10860,71,Puducherry
JIPMER PUDUCHERRY,AIQ,SC,14278,24,Puducherry
JIPMER PUDUCHERRY,AIQ,ST,24043,10,Puducherry
JLN IMS,AIQ,EWS,9442,3,Manipur
JLN IMS,AIQ,General,8886,4,Manipur
JLN IMS,AIQ,OBC,9143,10,Manipur
JLN IMS,AIQ,SC,12588,3,Manipur
JLN IMS,AIQ,ST,13607,2,Manipur
JLN Medical College,AIQ,EWS,21198,11,Maharashtra
JLN Medical College,AIQ,General,21249,127,Maharashtra
JLN Medical College,AIQ,OBC,21191,53,Maharashtra
JLN Medical College,AIQ,SC,21010,9,Maharashtra
JLN Medical College,AIQ,ST,21110,1,Maharashtra
JSS Medical College,AIQ,General,13999,171,Karnataka
JSS Medical College,AIQ,OBC,13989,22,Karnataka
Jagadguru Gangadhar Mahaswamigalu Moorusavirmath Medical College,AIQ,EWS,16332,7,Karnataka
Jagadguru Gangadhar Mahaswamigalu Moorusavirmath Medical College,AIQ,General,16368,57,Karnataka
Jagadguru Gangadhar Mahaswamigalu Moorusavirmath Medical College,AIQ,OBC,16340,19,Karnataka
Jagadguru Gangadhar Mahaswamigalu Moorusavirmath Medical College,AIQ,SC,15729,1,Karnataka
Jannayak Karpoori Thakur Medical college and Hospital,AIQ,EWS,8316,2,Bihar
Jannayak Karpoori Thakur Medical college and Hospital,AIQ,General,25169,5,Bihar
Jannayak Karpoori Thakur Medical college and Hospital,AIQ,OBC,7750,4,Bihar
Jannayak Karpoori Thakur Medical college and Hospital,AIQ,SC,13105,2,Bihar
Jannayak Karpoori Thakur Medical college and Hospital,AIQ,ST,13859,1,Bihar
Jawaharlal Nehru Medical College,AIQ,EWS,6564,8,Uttar Pradesh
Jawaharlal Nehru Medical College,AIQ,General,26397,95,Uttar Pradesh
Jawaharlal Nehru Medical College,AIQ,OBC,8567,44,Uttar Pradesh
Jawaharlal Nehru Medical College,AIQ,SC,12296,3,Bihar
Jawaharlal Nehru Medical College,AIQ,ST,13346,1,Bihar
Jhargram Government Medical College and Hospital,AIQ,EWS,9180,1,West Bengal
Jhargram Government Medical College and Hospital,AIQ,General,8885,5,West Bengal
Jhargram Government Medical College and Hospital,AIQ,OBC,8984,5,West Bengal
Jhargram Government Medical College and Hospital,AIQ,SC,12987,3,West Bengal
Jhargram Government Medical College and Hospital,AIQ,ST,14277,1,West Bengal
Jorhat Medical College and Hospital,AIQ,EWS,8844,2,Assam
Jorhat Medical College and Hospital,AIQ,General,24960,8,Assam
Jorhat Medical College and Hospital,AIQ,OBC,8749,5,Assam
Jorhat Medical College and Hospital,AIQ,SC,13450,3,Assam
Jorhat Medical College and Hospital,AIQ,ST,12907,1,Assam
K.A.P. VISWANATHAM Govt Medical College,AIQ,EWS,9074,1,Tamil Nadu
K.A.P. VISWANATHAM Govt Medical College,AIQ,General,4457,5,Tamil Nadu
K.A.P. VISWANATHAM Govt Medical College,AIQ,OBC,4731,10,Tamil Nadu
K.A.P. VISWANATHAM Govt Medical College,AIQ,SC,10196,3,Tamil Nadu
K.S Hegde Medical Academy,AIQ,EWS,13604,6,Karnataka
K.S Hegde Medical Academy,AIQ,General,13599,135,Karnataka
K.S Hegde Medical Academy,AIQ,OBC,13585,26,Karnataka
KANYAKUMARI GOVT. MED. COLL.,AIQ,EWS,9500,3,Tamil Nadu
KANYAKUMARI GOVT. MED. COLL.,AIQ,General,26374,7,Tamil Nadu
KANYAKUMARI GOVT. MED. COLL.,AIQ,OBC,5040,8,Tamil Nadu
KANYAKUMARI GOVT. MED. COLL.,AIQ,SC,11720,3,Tamil Nadu
KANYAKUMARI GOVT. MED. COLL.,AIQ,ST,14537,2,Tamil Nadu
KARNATAK INST. OF MEDICAL SC.,AIQ,EWS,6769,3,Karnataka
KARNATAK INST. OF MEDICAL SC.,AIQ,General,26452,13,Karnataka
KARNATAK INST. OF MEDICAL SC.,AIQ,OBC,5385,7,Karnataka
KARNATAK INST. OF MEDICAL SC.,AIQ,SC,11079,4,Karnataka
KARNATAK INST. OF MEDICAL SC.,AIQ,ST,10568,1,Karnataka
KGMC,AIQ,EWS,2539,4,Uttar Pradesh
KGMC,AIQ,General,18763,15,Uttar Pradesh
KGMC,AIQ,OBC,2758,9,Uttar Pradesh
KGMC,AIQ,SC,7895,5,Uttar Pradesh
KGMC,AIQ,ST,11179,2,Uttar Pradesh
KURNOOL MEDICAL COLLEGE,AIQ,EWS,5228,2,
KURNOOL MEDICAL COLLEGE,AIQ,General,26388,13,
KURNOOL MEDICAL COLLEGE,AIQ,OBC,6514,13,
KURNOOL MEDICAL COLLEGE,AIQ,SC,10307,5,
KURNOOL MEDICAL COLLEGE,AIQ,ST,12652,3,
Kakatiya Medical College Warangal,AIQ,EWS,7233,4,Telangana
Kakatiya Medical College Warangal,AIQ,General,25434,9,Telangana
Kakatiya Medical College Warangal,AIQ,OBC,6560,10,Telangana
Kakatiya Medical College Warangal,AIQ,SC,11580,4,Telangana
Kakatiya Medical College Warangal,AIQ,ST,11397,2,Telangana
Kalinga Institute of Medical Sciences,AIQ,EWS,14624,3,Odisha
Kalinga Institute of Medical Sciences,AIQ,General,14943,167,Odisha
Kalinga Institute of Medical Sciences,AIQ,OBC,14979,25,Odisha
Kalpana Chawla Govt. Medical College,AIQ,EWS,5117,2,Haryana
Kalpana Chawla Govt. Medical College,AIQ,General,24772,10,Haryana
Kalpana Chawla Govt. Medical College,AIQ,OBC,4619,2,Haryana
Kalpana Chawla Govt. Medical College,AIQ,SC,10673,1,Haryana
Kalyan Singh Government Medical College,AIQ,EWS,7015,1,Uttar Pradesh
Kalyan Singh Government Medical College,AIQ,General,5926,5,Uttar Pradesh
Kalyan Singh Government Medical College,AIQ,OBC,6886,4,Uttar Pradesh
Kalyan Singh Government Medical College,AIQ,SC,12523,3,Uttar Pradesh
Kalyan Singh Government Medical College,AIQ,ST,13564,1,Uttar Pradesh
Karwar Institute of Medical Sciences,AIQ,EWS,9312,3,Karnataka
Karwar Institute of Medical Sciences,AIQ,General,7132,6,Karnataka
Karwar Institute of Medical Sciences,AIQ,OBC,7659,7,Karnataka
Karwar Institute of Medical Sciences,AIQ,SC,13130,2,Karnataka
Karwar Institute of Medical Sciences,AIQ,ST,14158,1,Karnataka
Kasturba Medical College,AIQ,EWS,11364,8,Karnataka
Kasturba Medical College,AIQ,General,11432,305,Karnataka
Kasturba Medical College,AIQ,OBC,11436,40,Karnataka
Kodagu Institute of Medical Sciences,AIQ,EWS,9207,1,Karnataka
Kodagu Institute of Medical Sciences,AIQ,General,6697,7,Karnataka
Kodagu Institute of Medical Sciences,AIQ,OBC,7467,8,Karnataka
Kodagu Institute of Medical Sciences,AIQ,SC,12889,4,Karnataka
Kodagu Institute of Medical Sciences,AIQ,ST,13092,1,Karnataka
Kokrajhar Medical College & Hospital Rangalikhata,AIQ,EWS,9663,2,Assam
Kokrajhar Medical College & Hospital Rangalikhata,AIQ,General,9220,5,Assam
Kokrajhar Medical College & Hospital Rangalikhata,AIQ,OBC,9341,5,Assam
Kokrajhar Medical College & Hospital Rangalikhata,AIQ,SC,13603,2,Assam
Kokrajhar Medical College & Hospital Rangalikhata,AIQ,ST,14283,1,Assam
Koppal Institute of Medical Sciences,AIQ,EWS,9266,3,Karnataka
Koppal Institute of Medical Sciences,AIQ,General,7745,10,Karnataka
Koppal Institute of Medical Sciences,AIQ,OBC,7968,6,Karnataka
Koppal Institute of Medical Sciences,AIQ,SC,13095,3,Karnataka
Krishna Inst. of Med. Scie.,AIQ,EWS,20865,18,Maharashtra
Krishna Inst. of Med. Scie.,AIQ,General,20870,115,Maharashtra
Krishna Inst. of Med. Scie.,AIQ,OBC,20844,59,Maharashtra
Krishna Inst. of Med. Scie.,AIQ,SC,20235,9,Maharashtra
L.L.R.M. MEDICAL COLLEGE,AIQ,EWS,5091,2,Uttar Pradesh
L.L.R.M. MEDICAL COLLEGE,AIQ,General,3740,9,Uttar Pradesh
L.L.R.M. MEDICAL COLLEGE,AIQ,OBC,4268,6,Uttar Pradesh
L.L.R.M. MEDICAL COLLEGE,AIQ,SC,11037,4,Uttar Pradesh
L.L.R.M. MEDICAL COLLEGE,AIQ,ST,12060,2,Uttar Pradesh
LOKMANYA TILAK MUNICIPAL M C,AIQ,EWS,4629,3,Maharashtra
LOKMANYA TILAK MUNICIPAL M C,AIQ,General,20000,12,Maharashtra
LOKMANYA TILAK MUNICIPAL M C,AIQ,OBC,4194,7,Maharashtra
LOKMANYA TILAK MUNICIPAL M C,AIQ,SC,10367,5,Maharashtra
LOKMANYA TILAK MUNICIPAL M C,AIQ,ST,12566,3,Maharashtra
Lady Hardinge Medical College,AIQ,EWS,7507,18,Delhi
Lady Hardinge Medical College,AIQ,General,24040,80,Delhi
Lady Hardinge Medical College,AIQ,OBC,7096,52,Delhi
Lady Hardinge Medical College,AIQ,SC,12381,30,Delhi
Lady Hardinge Medical College,AIQ,ST,15516,15,Delhi
Lakhimpur Medical College,AIQ,EWS,8707,1,Assam
Lakhimpur Medical College,AIQ,General,9076,4,Assam
Lakhimpur Medical College,AIQ,OBC,9321,3,Assam
Lakhimpur Medical College,AIQ,SC,13730,2,Assam
Lakhimpur Medical College,AIQ,ST,14485,2,Assam
Lt. B R K Government Medical College,AIQ,EWS,8665,2,Chhattisgarh
Lt. B R K Government Medical College,AIQ,General,7713,7,Chhattisgarh
Lt. B R K Government Medical College,AIQ,OBC,8065,4,Chhattisgarh
Lt. B R K Government Medical College,AIQ,SC,12927,3,Chhattisgarh
Lt. B R K Government Medical College,AIQ,ST,13813,1,Chhattisgarh
Lt. L A M Govt. Medical College,AIQ,EWS,8303,3,Chhattisgarh
Lt. L A M Govt. Medical College,AIQ,General,25722,4,Chhattisgarh
Lt. L A M Govt. Medical College,AIQ,OBC,7732,4,Chhattisgarh
Lt. L A M Govt. Medical College,AIQ,SC,12794,2,Chhattisgarh
Lt. L A M Govt. Medical College,AIQ,ST,13773,1,Chhattisgarh
M.G.M. MEDICAL COLLEGE,AIQ,EWS,5975,6,Madhya Pradesh
M.G.M. MEDICAL COLLEGE,AIQ,General,25826,17,Madhya Pradesh
M.G.M. MEDICAL COLLEGE,AIQ,OBC,5490,18,Madhya Pradesh
M.G.M. MEDICAL COLLEGE,AIQ,SC,12003,6,Madhya Pradesh
M.G.M. MEDICAL COLLEGE,AIQ,ST,12315,3,Madhya Pradesh
M.P. SHAH MEDICAL COLLEGE,AIQ,EWS,5061,4,Gujarat
M.P. SHAH MEDICAL COLLEGE,AIQ,General,20725,13,Gujarat
M.P. SHAH MEDICAL COLLEGE,AIQ,OBC,4807,11,Gujarat
M.P. SHAH MEDICAL COLLEGE,AIQ,SC,11425,6,Gujarat
M.P. SHAH MEDICAL COLLEGE,AIQ,ST,12149,2,Gujarat
MADRAS MEDICAL COLLEGE,AIQ,EWS,2812,2,Tamil Nadu
MADRAS MEDICAL COLLEGE,AIQ,General,26495,15,Tamil Nadu
MADRAS MEDICAL COLLEGE,AIQ,OBC,904,9,Tamil Nadu
MADRAS MEDICAL COLLEGE,AIQ,SC,4594,6,Tamil Nadu
MADRAS MEDICAL COLLEGE,AIQ,ST,11342,3,Tamil Nadu
MADURAI MEDICAL COLLEGE,AIQ,EWS,8185,4,Tamil Nadu
MADURAI MEDICAL COLLEGE,AIQ,General,2279,5,Tamil Nadu
MADURAI MEDICAL COLLEGE,AIQ,OBC,2928,19,Tamil Nadu
MADURAI MEDICAL COLLEGE,AIQ,SC,8657,5,Tamil Nadu
MADURAI MEDICAL COLLEGE,AIQ,ST,13500,3,Tamil Nadu
MAHARAJA K.C. GAJAPATI M.C.,AIQ,EWS,5233,4,Odisha
MAHARAJA K.C. GAJAPATI M.C.,AIQ,General,4349,14,Odisha
MAHARAJA K.C. GAJAPATI M.C.,AIQ,OBC,5499,11,Odisha
MAHARAJA K.C. GAJAPATI M.C.,AIQ,SC,11358,5,Odisha
MAHARAJA K.C. GAJAPATI M.C.,AIQ,ST,13067,2,Odisha
MAHARANI LAXMI BAI MEDICAL COLL,AIQ,EWS,5512,3,Uttar Pradesh
MAHARANI LAXMI BAI MEDICAL COLL,AIQ,General,20658,9,Uttar Pradesh
MAHARANI LAXMI BAI MEDICAL COLL,AIQ,OBC,5195,5,Uttar Pradesh
MAHARANI LAXMI BAI MEDICAL COLL,AIQ,SC,11791,3,Uttar Pradesh
MAHARANI LAXMI BAI MEDICAL COLL,AIQ,ST,12749,2,Uttar Pradesh
MAHARSHI DEVRAHA BABA AUTONOMOUS STATE. MEDICAL COLLEGE,AIQ,EWS,5992,1,Uttar Pradesh
MAHARSHI DEVRAHA BABA AUTONOMOUS STATE. MEDICAL COLLEGE,AIQ,General,26560,6,Uttar Pradesh
MAHARSHI DEVRAHA BABA AUTONOMOUS STATE. MEDICAL COLLEGE,AIQ,OBC,7638,5,Uttar Pradesh
MAHARSHI DEVRAHA BABA AUTONOMOUS STATE. MEDICAL COLLEGE,AIQ,ST,13667,1,Uttar Pradesh
MALDA MED. COLLEGE,AIQ,EWS,8898,2,West Bengal
MALDA MED. COLLEGE,AIQ,General,7464,5,West Bengal
MALDA MED. COLLEGE,AIQ,OBC,7954,7,West Bengal
MALDA MED. COLLEGE,AIQ,SC,12941,2,West Bengal
MALDA MED. COLLEGE,AIQ,ST,14206,2,West Bengal
MANDYA INST. OF MEDICAL SCI.,AIQ,EWS,7771,2,Karnataka
MANDYA INST. OF MEDICAL SCI.,AIQ,General,25694,8,Karnataka
MANDYA INST. OF MEDICAL SCI.,AIQ,OBC,6120,7,Karnataka
MANDYA INST. OF MEDICAL SCI.,AIQ,SC,11949,3,Karnataka
MANDYA INST. OF MEDICAL SCI.,AIQ,ST,12608,2,Karnataka
MEDICAL COLLEGE,AIQ,EWS,5239,11,Gujarat
MEDICAL COLLEGE,AIQ,General,25611,35,Gujarat
MEDICAL COLLEGE,AIQ,OBC,4988,30,Gujarat
MEDICAL COLLEGE,AIQ,SC,11610,14,Gujarat
MEDICAL COLLEGE,AIQ,ST,12320,7,Gujarat
MG Inst. of Medical Sciences,AIQ,EWS,7834,5,Maharashtra
MG Inst. of Medical Sciences,AIQ,General,22226,17,Maharashtra
MG Inst. of Medical Sciences,AIQ,OBC,7449,14,Maharashtra
MG Inst. of Medical Sciences,AIQ,SC,12550,6,Maharashtra
MG Inst. of Medical Sciences,AIQ,ST,13481,2,Maharashtra
MGM Medical College,AIQ,EWS,16236,22,Maharashtra
MGM Medical College,AIQ,General,16628,219,Maharashtra
MGM Medical College,AIQ,OBC,16495,81,Maharashtra
MGM Medical College,AIQ,SC,16550,3,Maharashtra
MIDNAPORE MEDICAL COLLEGE,AIQ,EWS,8282,2,West Bengal
MIDNAPORE MEDICAL COLLEGE,AIQ,General,26575,10,West Bengal
MIDNAPORE MEDICAL COLLEGE,AIQ,OBC,7891,8,West Bengal
MIDNAPORE MEDICAL COLLEGE,AIQ,SC,12878,5,West Bengal
MIDNAPORE MEDICAL COLLEGE,AIQ,ST,14268,2,West Bengal
MM Inst. Med. and Research,AIQ,EWS,18178,6,Haryana
MM Inst. Med. and Research,AIQ,General,18254,143,Haryana
MM Inst. Med. and Research,AIQ,OBC,18167,14,Haryana
MM Inst. Med. and Research,AIQ,SC,18198,4,Haryana
MOTI LAL NEHRU MEDICAL COLL,AIQ,EWS,4834,5,Uttar Pradesh
MOTI LAL NEHRU MEDICAL COLL,AIQ,General,17554,9,Uttar Pradesh
MOTI LAL NEHRU MEDICAL COLL,AIQ,OBC,4454,8,Uttar Pradesh
MOTI LAL NEHRU MEDICAL COLL,AIQ,SC,11040,4,Uttar Pradesh
MOTI LAL NEHRU MEDICAL COLL,AIQ,ST,12201,2,Uttar Pradesh
MRA MEDICAL COLLEGE AMBEDKAR NAGAR,AIQ,EWS,6293,2,Uttar Pradesh
MRA MEDICAL COLLEGE AMBEDKAR NAGAR,AIQ,General,25741,5,Uttar Pradesh
MRA MEDICAL COLLEGE AMBEDKAR NAGAR,AIQ,OBC,6115,5,Uttar Pradesh
MRA MEDICAL COLLEGE AMBEDKAR NAGAR,AIQ,SC,12051,2,Uttar Pradesh
MRA MEDICAL COLLEGE AMBEDKAR NAGAR,AIQ,ST,12897,1,Uttar Pradesh
MYSORE MED.& RESEARCH INST. MYSORE,AIQ,EWS,4908,3,Karnataka
MYSORE MED.& RESEARCH INST. MYSORE,AIQ,General,26571,12,Karnataka
MYSORE MED.& RESEARCH INST. MYSORE,AIQ,OBC,4192,8,Karnataka
MYSORE MED.& RESEARCH INST. MYSORE,AIQ,SC,11064,5,Karnataka
MYSORE MED.& RESEARCH INST. MYSORE,AIQ,ST,10890,2,Karnataka
Maharaja Jitendra Narayan Medical College and Hospital Coochbehar,AIQ,EWS,9061,2,West Bengal
Maharaja Jitendra Narayan Medical College and Hospital Coochbehar,AIQ,General,7957,2,West Bengal
Maharaja Jitendra Narayan Medical College and Hospital Coochbehar,AIQ,OBC,8803,5,West Bengal
Maharaja Jitendra Narayan Medical College and Hospital Coochbehar,AIQ,SC,13273,1,West Bengal
Mahatma Gandhi Medical College,AIQ,EWS,22717,3,Puducherry
Mahatma Gandhi Medical College,AIQ,General,23796,124,Puducherry
Mahatma Gandhi Medical College,AIQ,OBC,23781,78,Puducherry
Mahatma Gandhi Medical College,AIQ,SC,23535,13,Puducherry
Mahatma Gandhi Medical College,AIQ,ST,23484,2,Puducherry
Mahatma Gandhi Mission Medical College,AIQ,EWS,17433,4,Maharashtra
Mahatma Gandhi Mission Medical College,AIQ,General,17704,88,Maharashtra
Mahatma Gandhi Mission Medical College,AIQ,OBC,17645,22,Maharashtra
Mahatma Gandhi Mission Medical College,AIQ,SC,17367,4,Maharashtra
Mahatma Vidur Autonomous State Medical College,AIQ,EWS,7856,2,Uttar Pradesh
Mahatma Vidur Autonomous State Medical College,AIQ,General,6985,4,Uttar Pradesh
Mahatma Vidur Autonomous State Medical College,AIQ,OBC,7791,5,Uttar Pradesh
Mahatma Vidur Autonomous State Medical College,AIQ,SC,12578,3,Uttar Pradesh
Mahatma Vidur Autonomous State Medical College,AIQ,ST,13926,1,Uttar Pradesh
Malla Reddy Institute of Medical Sciences,AIQ,EWS,19427,6,Telangana
Malla Reddy Institute of Medical Sciences,AIQ,General,19476,119,Telangana
Malla Reddy Institute of Medical Sciences,AIQ,OBC,19440,32,Telangana
Malla Reddy Institute of Medical Sciences,AIQ,SC,19334,5,Telangana
Malla Reddy Institute of Medical Sciences,AIQ,ST,19374,1,Telangana
Malla Reddy Medical College for Women,AIQ,EWS,19770,7,Telangana
Malla Reddy Medical College for Women,AIQ,General,19906,123,Telangana
Malla Reddy Medical College for Women,AIQ,OBC,19825,29,Telangana
Malla Reddy Medical College for Women,AIQ,SC,19719,4,Telangana
Malla Reddy Medical College for Women,AIQ,ST,19370,3,Telangana
Manipal Tata Medical College,AIQ,EWS,11858,3,Jharkhand
Manipal Tata Medical College,AIQ,General,11849,92,Jharkhand
Manipal Tata Medical College,AIQ,OBC,11836,24,Jharkhand
Maulana Azad Medical College,AIQ,EWS,1556,5,Delhi
Maulana Azad Medical College,AIQ,General,25780,101,Delhi
Maulana Azad Medical College,AIQ,OBC,4186,67,Delhi
Maulana Azad Medical College,AIQ,SC,11222,33,Delhi
Maulana Azad Medical College,AIQ,ST,14336,17,Delhi
Medinirai Medical College (previously Known as Palamu Medical College),AIQ,EWS,8882,2,Jharkhand
Medinirai Medical College (previously Known as Palamu Medical College),AIQ,General,24336,5,Jharkhand
Medinirai Medical College (previously Known as Palamu Medical College),AIQ,OBC,8488,4,Jharkhand
Medinirai Medical College (previously Known as Palamu Medical College),AIQ,SC,13366,2,Jharkhand
Medinirai Medical College (previously Known as Palamu Medical College),AIQ,ST,14169,1,Jharkhand
Meenakshi Medical College Hospital and Research Institute,AIQ,EWS,23415,4,Tamil Nadu
Meenakshi Medical College Hospital and Research Institute,AIQ,General,23469,79,Tamil Nadu
Meenakshi Medical College Hospital and Research Institute,AIQ,OBC,23485,133,Tamil Nadu
Meenakshi Medical College Hospital and Research Institute,AIQ,SC,23304,20,Tamil Nadu
Meenakshi Medical College Hospital and Research Institute,AIQ,ST,23235,2,Tamil Nadu
Mursidabad M C & Hospital,AIQ,EWS,8626,1,West Bengal
Mursidabad M C & Hospital,AIQ,General,7830,7,West Bengal
Mursidabad M C & Hospital,AIQ,OBC,8312,5,West Bengal
Mursidabad M C & Hospital,AIQ,SC,12870,2,West Bengal
Mursidabad M C & Hospital,AIQ,ST,14337,2,West Bengal
NAGALAND INSTITUTE OF MEDICAL SCIENCE AND RESEARCH PHIREBAGIE,AIQ,EWS,9680,1,Nagaland
NAGALAND INSTITUTE OF MEDICAL SCIENCE AND RESEARCH PHIREBAGIE,AIQ,General,9318,6,Nagaland
NAGALAND INSTITUTE OF MEDICAL SCIENCE AND RESEARCH PHIREBAGIE,AIQ,OBC,9353,4,Nagaland
NAGALAND INSTITUTE OF MEDICAL SCIENCE AND RESEARCH PHIREBAGIE,AIQ,SC,13768,2,Nagaland
NAGALAND INSTITUTE OF MEDICAL SCIENCE AND RESEARCH PHIREBAGIE,AIQ,ST,14573,2,Nagaland
NALANDA MEDICAL COLLEGE,AIQ,EWS,4685,1,Bihar
NALANDA MEDICAL COLLEGE,AIQ,General,24335,3,Bihar
NALANDA MEDICAL COLLEGE,AIQ,OBC,4914,12,Bihar
NALANDA MEDICAL COLLEGE,AIQ,SC,11631,3,Bihar
NALANDA MEDICAL COLLEGE,AIQ,ST,12651,2,Bihar
NAMO Medical Education & Research Institute,AIQ,EWS,6600,3,
NAMO Medical Education & Research Institute,AIQ,General,25771,8,
NAMO Medical Education & Research Institute,AIQ,OBC,5996,7,
NAMO Medical Education & Research Institute,AIQ,SC,12195,2,
NAMO Medical Education & Research Institute,AIQ,ST,11899,1,
NDMC Medical College,AIQ,EWS,2167,1,Delhi
NDMC Medical College,AIQ,General,1644,2,Delhi
NDMC Medical College,AIQ,OBC,2423,4,Delhi
NDMC Medical College,AIQ,SC,7902,1,Delhi
NEIGRIHMS,AIQ,General,6187,7,Meghalaya
NEIGRIHMS,AIQ,OBC,5163,1,Meghalaya
NETAJI SUBHASH CHANDRA BOSE MC,AIQ,EWS,5632,5,Madhya Pradesh
NETAJI SUBHASH CHANDRA BOSE MC,AIQ,General,23596,12,Madhya Pradesh
NETAJI SUBHASH CHANDRA BOSE MC,AIQ,OBC,5356,9,Madhya Pradesh
NETAJI SUBHASH CHANDRA BOSE MC,AIQ,SC,11609,6,Madhya Pradesh
NETAJI SUBHASH CHANDRA BOSE MC,AIQ,ST,12425,3,Madhya Pradesh
NILRATAN SIRKAR MEDICAL COLLEGE,AIQ,EWS,5600,4,West Bengal
NILRATAN SIRKAR MEDICAL COLLEGE,AIQ,General,26078,17,West Bengal
NILRATAN SIRKAR MEDICAL COLLEGE,AIQ,OBC,5052,10,West Bengal
NILRATAN SIRKAR MEDICAL COLLEGE,AIQ,SC,10129,4,West Bengal
NILRATAN SIRKAR MEDICAL COLLEGE,AIQ,ST,12598,1,West Bengal
NORTH BENGAL MED.COLL,AIQ,EWS,7605,3,West Bengal
NORTH BENGAL MED.COLL,AIQ,General,6143,7,West Bengal
NORTH BENGAL MED.COLL,AIQ,OBC,7001,11,West Bengal
NORTH BENGAL MED.COLL,AIQ,SC,12281,5,West Bengal
NORTH BENGAL MED.COLL,AIQ,ST,13406,3,West Bengal
Nagaon Medical college,AIQ,EWS,9584,1,Assam
Nagaon Medical college,AIQ,General,26577,5,Assam
Nagaon Medical college,AIQ,OBC,9351,6,Assam
Nagaon Medical college,AIQ,SC,13741,1,Assam
Nalbari Medical College & Hospital Dakhingaon,AIQ,EWS,9633,2,Assam
Nalbari Medical College & Hospital Dakhingaon,AIQ,General,9287,5,Assam
Nalbari Medical College & Hospital Dakhingaon,AIQ,OBC,9325,3,Assam
Nalbari Medical College & Hospital Dakhingaon,AIQ,SC,13079,2,Assam
Nalbari Medical College & Hospital Dakhingaon,AIQ,ST,14193,1,Assam
Osmania Medical College Koti,AIQ,EWS,4634,3,Telangana
Osmania Medical College Koti,AIQ,General,26600,14,Telangana
Osmania Medical College Koti,AIQ,OBC,3568,12,Telangana
Osmania Medical College Koti,AIQ,SC,10431,5,Telangana
Osmania Medical College Koti,AIQ,ST,11156,2,Telangana
PATNA MEDICAL COLLEGE,AIQ,EWS,4040,4,Bihar
PATNA MEDICAL COLLEGE,AIQ,General,22453,10,Bihar
PATNA MEDICAL COLLEGE,AIQ,OBC,3528,9,Bihar
PATNA MEDICAL COLLEGE,AIQ,SC,10870,5,Bihar
PATNA MEDICAL COLLEGE,AIQ,ST,12142,2,Bihar
PT. B.D. SHARMA PGIMS,AIQ,EWS,4189,5,Haryana
PT. B.D. SHARMA PGIMS,AIQ,General,3194,10,Haryana
PT. B.D. SHARMA PGIMS,AIQ,OBC,3724,11,Haryana
PT. B.D. SHARMA PGIMS,AIQ,SC,10493,6,Haryana
PT. B.D. SHARMA PGIMS,AIQ,ST,12140,3,Haryana
Phulo Jhano Medical College,AIQ,EWS,8515,1,Jharkhand
Phulo Jhano Medical College,AIQ,General,7832,4,Jharkhand
Phulo Jhano Medical College,AIQ,OBC,8301,6,Jharkhand
Phulo Jhano Medical College,AIQ,SC,13359,2,Jharkhand
Phulo Jhano Medical College,AIQ,ST,13467,1,Jharkhand
Prafulla Chandra Sen Government Medical College & Hospital,AIQ,EWS,9274,2,West Bengal
Prafulla Chandra Sen Government Medical College & Hospital,AIQ,General,8672,2,West Bengal
Prafulla Chandra Sen Government Medical College & Hospital,AIQ,OBC,8962,6,West Bengal
Prafulla Chandra Sen Government Medical College & Hospital,AIQ,SC,13096,2,West Bengal
Prafulla Chandra Sen Government Medical College & Hospital,AIQ,ST,13750,1,West Bengal
Pt. D.D.U MEDICAL COLLEGE,AIQ,EWS,4671,2,Gujarat
Pt. D.D.U MEDICAL COLLEGE,AIQ,General,25849,11,Gujarat
Pt. D.D.U MEDICAL COLLEGE,AIQ,OBC,4566,10,Gujarat
Pt. D.D.U MEDICAL COLLEGE,AIQ,SC,11116,4,Gujarat
Pt. D.D.U MEDICAL COLLEGE,AIQ,ST,12306,2,Gujarat
Pt. J N M MEDICAL COLLEGE,AIQ,EWS,6379,3,Chhattisgarh
Pt. J N M MEDICAL COLLEGE,AIQ,General,4782,10,Chhattisgarh
Pt. J N M MEDICAL COLLEGE,AIQ,OBC,5875,11,Chhattisgarh
Pt. J N M MEDICAL COLLEGE,AIQ,SC,11355,3,Chhattisgarh
Pt. J N M MEDICAL COLLEGE,AIQ,ST,12972,3,Chhattisgarh
Pt. Jawahar Lal Nehru Govt. Med. College,AIQ,EWS,5938,3,Himachal Pradesh
Pt. Jawahar Lal Nehru Govt. Med. College,AIQ,General,5269,5,Himachal Pradesh
Pt. Jawahar Lal Nehru Govt. Med. College,AIQ,OBC,5727,6,Himachal Pradesh
Pt. Jawahar Lal Nehru Govt. Med. College,AIQ,SC,11825,2,Himachal Pradesh
Pt. Jawahar Lal Nehru Govt. Med. College,AIQ,ST,11911,1,Himachal Pradesh
Pt. Raghunath Murmu Med. College,AIQ,EWS,7849,2,Odisha
Pt. Raghunath Murmu Med. College,AIQ,General,26464,6,Odisha
Pt. Raghunath Murmu Med. College,AIQ,OBC,7877,5,Odisha
Pt. Raghunath Murmu Med. College,AIQ,SC,12181,2,Odisha
Pt. Raghunath Murmu Med. College,AIQ,ST,14412,2,Odisha
R.G. KAR MEDICAL COLLEGE,AIQ,EWS,5399,3,West Bengal
R.G. KAR MEDICAL COLLEGE,AIQ,General,23268,14,West Bengal
R.G. KAR MEDICAL COLLEGE,AIQ,OBC,5675,11,West Bengal
R.G. KAR MEDICAL COLLEGE,AIQ,SC,11458,5,West Bengal
R.G. KAR MEDICAL COLLEGE,AIQ,ST,13001,2,West Bengal
R.N.T. MEDICAL COLLEGE,AIQ,EWS,3931,2,Rajasthan
R.N.T. MEDICAL COLLEGE,AIQ,General,21188,12,Rajasthan
R.N.T. MEDICAL COLLEGE,AIQ,OBC,3497,15,Rajasthan
R.N.T. MEDICAL COLLEGE,AIQ,SC,10350,5,Rajasthan
R.N.T. MEDICAL COLLEGE,AIQ,ST,11077,3,Rajasthan
RAICHUR INST. OF MEDICAL SCI.,AIQ,EWS,7699,1,Karnataka
RAICHUR INST. OF MEDICAL SCI.,AIQ,General,25832,10,Karnataka
RAICHUR INST. OF MEDICAL SCI.,AIQ,OBC,7614,5,Karnataka
RAICHUR INST. OF MEDICAL SCI.,AIQ,SC,13073,2,Karnataka
RAICHUR INST. OF MEDICAL SCI.,AIQ,ST,13975,2,Karnataka
RAJENDRA INST. OF MED. SCI.,AIQ,EWS,4639,2,Jharkhand
RAJENDRA INST. OF MED. SCI.,AIQ,General,20919,10,Jharkhand
RAJENDRA INST. OF MED. SCI.,AIQ,OBC,4069,8,Jharkhand
RAJENDRA INST. OF MED. SCI.,AIQ,SC,11762,3,Jharkhand
RAJENDRA INST. OF MED. SCI.,AIQ,ST,12662,2,Jharkhand
RAJIV GANDHI INSTITUTE OF MEDICAL SCIENCES,AIQ,EWS,9461,4,Andhra Pradesh
RAJIV GANDHI INSTITUTE OF MEDICAL SCIENCES,AIQ,General,7500,3,Andhra Pradesh
RAJIV GANDHI INSTITUTE OF MEDICAL SCIENCES,AIQ,OBC,8425,14,Andhra Pradesh
RAJIV GANDHI INSTITUTE OF MEDICAL SCIENCES,AIQ,SC,12675,3,Andhra Pradesh
RAJIV GANDHI INSTITUTE OF MEDICAL SCIENCES,AIQ,ST,14245,2,Andhra Pradesh
RAJIV GANDHI MEDICAL COLLEGE,AIQ,EWS,5659,1,Maharashtra
RAJIV GANDHI MEDICAL COLLEGE,AIQ,General,20209,7,Maharashtra
RAJIV GANDHI MEDICAL COLLEGE,AIQ,OBC,5119,3,Maharashtra
RAJIV GANDHI MEDICAL COLLEGE,AIQ,SC,11060,2,Maharashtra
RAJIV GANDHI MEDICAL COLLEGE,AIQ,ST,12647,1,Maharashtra
RAMPURHAT GOVT MEDICAL COLLEGE RAMPURHAT,AIQ,EWS,9023,2,West Bengal
RAMPURHAT GOVT MEDICAL COLLEGE RAMPURHAT,AIQ,General,8371,4,West Bengal
RAMPURHAT GOVT MEDICAL COLLEGE RAMPURHAT,AIQ,OBC,8612,5,West Bengal
RAMPURHAT GOVT MEDICAL COLLEGE RAMPURHAT,AIQ,SC,12961,1,West Bengal
RAMPURHAT GOVT MEDICAL COLLEGE RAMPURHAT,AIQ,ST,14160,1,West Bengal
REGIONAL INST OF MEDICAL SCI,AIQ,EWS,9036,3,Manipur
REGIONAL INST OF MEDICAL SCI,AIQ,General,15254,5,Manipur
REGIONAL INST OF MEDICAL SCI,AIQ,OBC,7672,7,Manipur
REGIONAL INST OF MEDICAL SCI,AIQ,SC,11929,3,Manipur
REGIONAL INST OF MEDICAL SCI,AIQ,ST,11767,1,Manipur
RIMS,AIQ,EWS,9423,3,Andhra Pradesh
RIMS,AIQ,General,26295,6,Andhra Pradesh
RIMS,AIQ,OBC,8376,4,Andhra Pradesh
RIMS,AIQ,SC,12400,3,Andhra Pradesh
RIMS,AIQ,ST,13711,1,Andhra Pradesh
RIMS Srikakulam,AIQ,EWS,9526,3,Andhra Pradesh
RIMS Srikakulam,AIQ,General,8419,9,Andhra Pradesh
RIMS Srikakulam,AIQ,OBC,8656,14,Andhra Pradesh
RIMS Srikakulam,AIQ,SC,12712,5,Andhra Pradesh
RIMS Srikakulam,AIQ,ST,14262,3,Andhra Pradesh
RUHS College of Medical Sciences,AIQ,EWS,3290,2,Rajasthan
RUHS College of Medical Sciences,AIQ,General,25334,6,Rajasthan
RUHS College of Medical Sciences,AIQ,OBC,2915,7,Rajasthan
RUHS College of Medical Sciences,AIQ,SC,10065,2,Rajasthan
RUHS College of Medical Sciences,AIQ,ST,10916,2,Rajasthan
Raiganj Government Medical College,AIQ,EWS,9150,2,
Raiganj Government Medical College,AIQ,General,8059,4,
Raiganj Government Medical College,AIQ,OBC,8539,3,
Raiganj Government Medical College,AIQ,SC,13237,2,
Raiganj Government Medical College,AIQ,ST,14466,2,
Raja Rajeswari Medical College Bengaluru,AIQ,EWS,18852,2,Karnataka
Raja Rajeswari Medical College Bengaluru,AIQ,General,18947,139,Karnataka
Raja Rajeswari Medical College Bengaluru,AIQ,OBC,18869,53,Karnataka
Raja Rajeswari Medical College Bengaluru,AIQ,SC,18900,6,Karnataka
Raja Rajeswari Medical College Bengaluru,AIQ,ST,18466,2,Karnataka
Rajah Muthiah Medical College,AIQ,EWS,9599,2,Tamil Nadu
Rajah Muthiah Medical College,AIQ,General,5894,4,Tamil Nadu
Rajah Muthiah Medical College,AIQ,OBC,6207,10,Tamil Nadu
Rajah Muthiah Medical College,AIQ,SC,11657,1,Tamil Nadu
Rajah Muthiah Medical College,AIQ,ST,14220,1,Tamil Nadu
Rajarshee Chhatrapati Shahu Maharaj Government Medical College Kolhapur,AIQ,EWS,6987,1,Maharashtra
Rajarshee Chhatrapati Shahu Maharaj Government Medical College Kolhapur,AIQ,General,17388,7,Maharashtra
Rajarshee Chhatrapati Shahu Maharaj Government Medical College Kolhapur,AIQ,OBC,7035,6,Maharashtra
Rajarshee Chhatrapati Shahu Maharaj Government Medical College Kolhapur,AIQ,SC,12705,3,Maharashtra
Rajarshee Chhatrapati Shahu Maharaj Government Medical College Kolhapur,AIQ,ST,13602,2,Maharashtra
Rajiv Gandhi Institute Medical Sce of Adilabad,AIQ,EWS,8985,2,Telangana
Rajiv Gandhi Institute Medical Sce of Adilabad,AIQ,General,6977,5,Telangana
Rajiv Gandhi Institute Medical Sce of Adilabad,AIQ,OBC,7967,5,Telangana
Rajiv Gandhi Institute Medical Sce of Adilabad,AIQ,SC,12057,2,Telangana
Rajiv Gandhi Institute Medical Sce of Adilabad,AIQ,ST,12092,1,Telangana
Rajkiya Medical College,AIQ,EWS,7348,1,Uttar Pradesh
Rajkiya Medical College,AIQ,General,6413,3,Uttar Pradesh
Rajkiya Medical College,AIQ,OBC,6498,6,Uttar Pradesh
Rajkiya Medical College,AIQ,SC,12434,3,Uttar Pradesh
Rajkiya Medical College,AIQ,ST,13302,2,Uttar Pradesh
Rajmata shrimati devendra kumari singhdeo government medical college,AIQ,EWS,8936,2,Chhattisgarh
Rajmata shrimati devendra kumari singhdeo government medical college,AIQ,General,8388,5,Chhattisgarh
Rajmata shrimati devendra kumari singhdeo government medical college,AIQ,OBC,8703,7,Chhattisgarh
Rajmata shrimati devendra kumari singhdeo government medical college,AIQ,SC,13145,3,Chhattisgarh
Rajmata shrimati devendra kumari singhdeo government medical college,AIQ,ST,14143,1,Chhattisgarh
Rangaraya Medical College,AIQ,EWS,6458,4,
Rangaraya Medical College,AIQ,General,26168,11,
Rangaraya Medical College,AIQ,OBC,5806,12,
Rangaraya Medical College,AIQ,SC,11182,6,
Rangaraya Medical College,AIQ,ST,13400,3,
Rani Durgavati Medical College,AIQ,EWS,7508,2,Uttar Pradesh
Rani Durgavati Medical College,AIQ,General,6367,2,Uttar Pradesh
Rani Durgavati Medical College,AIQ,OBC,6574,6,Uttar Pradesh
Rani Durgavati Medical College,AIQ,SC,12711,2,Uttar Pradesh
Rani Durgavati Medical College,AIQ,ST,12867,1,Uttar Pradesh
Rural Medical College and PIMS,AIQ,EWS,14082,12,Maharashtra
Rural Medical College and PIMS,AIQ,General,14252,89,Maharashtra
Rural Medical College and PIMS,AIQ,OBC,14254,57,Maharashtra
S.C.B. MEDICAL COLLEGE,AIQ,EWS,3909,5,Odisha
S.C.B. MEDICAL COLLEGE,AIQ,General,2372,9,Odisha
S.C.B. MEDICAL COLLEGE,AIQ,OBC,3871,13,Odisha
S.C.B. MEDICAL COLLEGE,AIQ,SC,10432,8,Odisha
S.C.B. MEDICAL COLLEGE,AIQ,ST,13011,3,Odisha
S.M.S. MEDICAL COLLEGE,AIQ,EWS,1773,5,Rajasthan
S.M.S. MEDICAL COLLEGE,AIQ,General,14954,12,Rajasthan
S.M.S. MEDICAL COLLEGE,AIQ,OBC,1570,13,Rajasthan
S.M.S. MEDICAL COLLEGE,AIQ,SC,7278,5,Rajasthan
S.M.S. MEDICAL COLLEGE,AIQ,ST,6975,2,Rajasthan
S.N. MEDICAL COLLEGE,AIQ,EWS,4817,5,Uttar Pradesh
S.N. MEDICAL COLLEGE,AIQ,General,3868,6,Uttar Pradesh
S.N. MEDICAL COLLEGE,AIQ,OBC,4540,12,Uttar Pradesh
S.N. MEDICAL COLLEGE,AIQ,SC,10990,4,Uttar Pradesh
S.N. MEDICAL COLLEGE,AIQ,ST,11992,2,Uttar Pradesh
S.S. MEDICAL COLLEGE,AIQ,EWS,5998,2,Madhya Pradesh
S.S. MEDICAL COLLEGE,AIQ,General,5330,9,Madhya Pradesh
S.S. MEDICAL COLLEGE,AIQ,OBC,6001,5,Madhya Pradesh
S.S. MEDICAL COLLEGE,AIQ,SC,12055,3,Madhya Pradesh
S.S. MEDICAL COLLEGE,AIQ,ST,12725,2,Madhya Pradesh
SARDAR PATEL MEDICAL COLLEGE,AIQ,EWS,3649,4,Rajasthan
SARDAR PATEL MEDICAL COLLEGE,AIQ,General,2713,4,Rajasthan
SARDAR PATEL MEDICAL COLLEGE,AIQ,OBC,3148,18,Rajasthan
SARDAR PATEL MEDICAL COLLEGE,AIQ,SC,10049,6,Rajasthan
SARDAR PATEL MEDICAL COLLEGE,AIQ,ST,10953,3,Rajasthan
SBKS Med. Inst. and Res. Centre,AIQ,EWS,24544,18,Gujarat
SBKS Med. Inst. and Res. Centre,AIQ,General,25024,160,Gujarat
SBKS Med. Inst. and Res. Centre,AIQ,OBC,24354,25,Gujarat
SBKS Med. Inst. and Res. Centre,AIQ,SC,18836,3,Gujarat
SDU Medical College,AIQ,EWS,15765,4,Karnataka
SDU Medical College,AIQ,General,15836,116,Karnataka
SDU Medical College,AIQ,OBC,15827,47,Karnataka
SDU Medical College,AIQ,SC,15637,1,Karnataka
SETH G.S. MEDICAL COLLEGE,AIQ,EWS,3468,4,Maharashtra
SETH G.S. MEDICAL COLLEGE,AIQ,General,852,15,Maharashtra
SETH G.S. MEDICAL COLLEGE,AIQ,OBC,2787,9,Maharashtra
SETH G.S. MEDICAL COLLEGE,AIQ,SC,7058,5,Maharashtra
SETH G.S. MEDICAL COLLEGE,AIQ,ST,11314,3,Maharashtra
SH VASANT RAO NAIK GOVT.M.C.,AIQ,EWS,7897,2,Maharashtra
SH VASANT RAO NAIK GOVT.M.C.,AIQ,General,26129,12,Maharashtra
SH VASANT RAO NAIK GOVT.M.C.,AIQ,OBC,7675,10,Maharashtra
SH VASANT RAO NAIK GOVT.M.C.,AIQ,SC,12828,4,Maharashtra
SH VASANT RAO NAIK GOVT.M.C.,AIQ,ST,13752,2,Maharashtra
SHEIKH BHIKHARI MEDICAL COLLEGE & HOSPITAL,AIQ,EWS,7322,2,Jharkhand
SHEIKH BHIKHARI MEDICAL COLLEGE & HOSPITAL,AIQ,General,6680,3,Jharkhand
SHEIKH BHIKHARI MEDICAL COLLEGE & HOSPITAL,AIQ,OBC,7078,6,Jharkhand
SHEIKH BHIKHARI MEDICAL COLLEGE & HOSPITAL,AIQ,SC,12663,3,Jharkhand
SHEIKH BHIKHARI MEDICAL COLLEGE & HOSPITAL,AIQ,ST,13632,1,Jharkhand
SHIMOGA INST. OF MEDICAL SCI.,AIQ,EWS,8540,3,Karnataka
SHIMOGA INST. OF MEDICAL SCI.,AIQ,General,5714,6,Karnataka
SHIMOGA INST. OF MEDICAL SCI.,AIQ,OBC,6935,7,Karnataka
SHIMOGA INST. OF MEDICAL SCI.,AIQ,SC,12615,4,Karnataka
SHIMOGA INST. OF MEDICAL SCI.,AIQ,ST,12782,2,Karnataka
SHKM GMC,AIQ,EWS,6607,2,Haryana
SHKM GMC,AIQ,General,22482,4,Haryana
SHKM GMC,AIQ,OBC,6403,8,Haryana
SHKM GMC,AIQ,SC,12351,3,Haryana
SHKM GMC,AIQ,ST,13352,1,Haryana
SHRI ATAL BIHARI VAJPAYEE GOVERNMENT MEDICAL COLLEGE,AIQ,EWS,6086,2,Haryana
SHRI ATAL BIHARI VAJPAYEE GOVERNMENT MEDICAL COLLEGE,AIQ,General,25179,7,Haryana
SHRI ATAL BIHARI VAJPAYEE GOVERNMENT MEDICAL COLLEGE,AIQ,OBC,5878,3,Haryana
SHRI ATAL BIHARI VAJPAYEE GOVERNMENT MEDICAL COLLEGE,AIQ,SC,11162,2,Haryana
SHRI ATAL BIHARI VAJPAYEE GOVERNMENT MEDICAL COLLEGE,AIQ,ST,12439,1,Haryana
SHRI BHAUSAHEB HIRE GOVT. M.C.,AIQ,EWS,8064,2,Maharashtra
SHRI BHAUSAHEB HIRE GOVT. M.C.,AIQ,General,6890,8,Maharashtra
SHRI BHAUSAHEB HIRE GOVT. M.C.,AIQ,OBC,7502,8,Maharashtra
SHRI BHAUSAHEB HIRE GOVT. M.C.,AIQ,SC,12703,3,Maharashtra
SHRI BHAUSAHEB HIRE GOVT. M.C.,AIQ,ST,13785,2,Maharashtra
SHRI KALYAN GOVT MEDICAL COLLEGE SIKAR,AIQ,EWS,5421,2,Rajasthan
SHRI KALYAN GOVT MEDICAL COLLEGE SIKAR,AIQ,General,22644,3,Rajasthan
SHRI KALYAN GOVT MEDICAL COLLEGE SIKAR,AIQ,OBC,4305,7,Rajasthan
SHRI KALYAN GOVT MEDICAL COLLEGE SIKAR,AIQ,SC,11012,2,Rajasthan
SHRI KALYAN GOVT MEDICAL COLLEGE SIKAR,AIQ,ST,11794,1,Rajasthan
SILCHAR MEDICAL COLLEGE,AIQ,EWS,8085,2,Assam
SILCHAR MEDICAL COLLEGE,AIQ,General,7762,6,Assam
SILCHAR MEDICAL COLLEGE,AIQ,OBC,8327,7,Assam
SILCHAR MEDICAL COLLEGE,AIQ,SC,12658,3,Assam
SILCHAR MEDICAL COLLEGE,AIQ,ST,12643,1,Assam
SJP Medical College,AIQ,EWS,6113,4,Rajasthan
SJP Medical College,AIQ,General,24117,7,Rajasthan
SJP Medical College,AIQ,OBC,5267,6,Rajasthan
SJP Medical College,AIQ,SC,11695,4,Rajasthan
SJP Medical College,AIQ,ST,12536,2,Rajasthan
SKIMS Medical College,AIQ,EWS,6877,2,Jammu and Kashmir
SKIMS Medical College,AIQ,General,4853,8,Jammu and Kashmir
SKIMS Medical College,AIQ,OBC,6931,4,Jammu and Kashmir
SKIMS Medical College,AIQ,SC,12360,2,Jammu and Kashmir
SKIMS Medical College,AIQ,ST,11286,2,Jammu and Kashmir
SLBS Govt. Medical College,AIQ,EWS,9386,7,Himachal Pradesh
SLBS Govt. Medical College,AIQ,General,8830,12,Himachal Pradesh
SLBS Govt. Medical College,AIQ,OBC,9382,19,Himachal Pradesh
SLBS Govt. Medical College,AIQ,SC,14946,7,Himachal Pradesh
SLBS Govt. Medical College,AIQ,ST,21689,4,Himachal Pradesh
SOBAN SINGH JEENA GOVERNMENT INSTITUTE OF MEDICAL SCIENCE & RESEARCH,AIQ,EWS,7083,1,Uttarakhand
SOBAN SINGH JEENA GOVERNMENT INSTITUTE OF MEDICAL SCIENCE & RESEARCH,AIQ,General,24708,7,Uttarakhand
SOBAN SINGH JEENA GOVERNMENT INSTITUTE OF MEDICAL SCIENCE & RESEARCH,AIQ,OBC,7342,4,Uttarakhand
SOBAN SINGH JEENA GOVERNMENT INSTITUTE OF MEDICAL SCIENCE & RESEARCH,AIQ,SC,12471,2,Uttarakhand
SOBAN SINGH JEENA GOVERNMENT INSTITUTE OF MEDICAL SCIENCE & RESEARCH,AIQ,ST,13208,1,Uttarakhand
SRI KRISHNA MEDICAL COLLEGE,AIQ,EWS,6528,3,Bihar
SRI KRISHNA MEDICAL COLLEGE,AIQ,General,5971,5,Bihar
SRI KRISHNA MEDICAL COLLEGE,AIQ,OBC,6338,7,Bihar
SRI KRISHNA MEDICAL COLLEGE,AIQ,SC,12393,1,Bihar
SRI KRISHNA MEDICAL COLLEGE,AIQ,ST,13388,1,Bihar
SRI LALITHAMBIGAI MEDICAL COLLEGE & HOSPITAL,AIQ,General,18653,23,Tamil Nadu
SRI LALITHAMBIGAI MEDICAL COLLEGE & HOSPITAL,AIQ,OBC,18605,89,Tamil Nadu
SRI LALITHAMBIGAI MEDICAL COLLEGE & HOSPITAL,AIQ,SC,18613,7,Tamil Nadu
SRM Medical College and Hospital,AIQ,EWS,22441,2,Tamil Nadu
SRM Medical College and Hospital,AIQ,General,22595,155,Tamil Nadu
SRM Medical College and Hospital,AIQ,OBC,22560,57,Tamil Nadu
SRM Medical College and Hospital,AIQ,SC,22263,15,Tamil Nadu
SRM Medical College and Hospital,AIQ,ST,22462,4,Tamil Nadu
STANLEY MEDICAL COLLEGE,AIQ,EWS,5427,4,Tamil Nadu
STANLEY MEDICAL COLLEGE,AIQ,General,26578,11,Tamil Nadu
STANLEY MEDICAL COLLEGE,AIQ,OBC,1637,14,Tamil Nadu
STANLEY MEDICAL COLLEGE,AIQ,SC,6418,5,Tamil Nadu
STANLEY MEDICAL COLLEGE,AIQ,ST,11892,3,Tamil Nadu
SUH Maulana Mahmood Hasan Medical College,AIQ,EWS,6171,1,Uttar Pradesh
SUH Maulana Mahmood Hasan Medical College,AIQ,General,25269,6,Uttar Pradesh
SUH Maulana Mahmood Hasan Medical College,AIQ,OBC,6254,3,Uttar Pradesh
SUH Maulana Mahmood Hasan Medical College,AIQ,SC,12329,1,Uttar Pradesh
SVIMS - Sri Padmavathi Medical College for Women,AIQ,EWS,9210,3,Andhra Pradesh
SVIMS - Sri Padmavathi Medical College for Women,AIQ,General,6906,8,Andhra Pradesh
SVIMS - Sri Padmavathi Medical College for Women,AIQ,OBC,7418,6,Andhra Pradesh
SVIMS - Sri Padmavathi Medical College for Women,AIQ,SC,12353,4,Andhra Pradesh
SVIMS - Sri Padmavathi Medical College for Women,AIQ,ST,14076,2,Andhra Pradesh
SWAMI RAMANAND TiRTH RURAL M.C,AIQ,EWS,8090,4,Maharashtra
SWAMI RAMANAND TiRTH RURAL M.C,AIQ,General,7209,2,Maharashtra
SWAMI RAMANAND TiRTH RURAL M.C,AIQ,OBC,7388,10,Maharashtra
SWAMI RAMANAND TiRTH RURAL M.C,AIQ,SC,12862,3,Maharashtra
SWAMI RAMANAND TiRTH RURAL M.C,AIQ,ST,13638,1,Maharashtra
SYMBIOSIS MEDICAL COLLEGE FOR WOMEN PUNE,AIQ,EWS,11170,7,Maharashtra
SYMBIOSIS MEDICAL COLLEGE FOR WOMEN PUNE,AIQ,General,11193,103,Maharashtra
SYMBIOSIS MEDICAL COLLEGE FOR WOMEN PUNE,AIQ,OBC,11164,12,Maharashtra
Sagar Dutta Medical College & Hospital,AIQ,EWS,6066,1,West Bengal
Sagar Dutta Medical College & Hospital,AIQ,General,26602,11,West Bengal
Sagar Dutta Medical College & Hospital,AIQ,OBC,5865,4,West Bengal
Sagar Dutta Medical College & Hospital,AIQ,SC,11522,2,West Bengal
Sagar Dutta Medical College & Hospital,AIQ,ST,13448,1,West Bengal
Saheed Laxman Nayak Med. College and Hos.,AIQ,EWS,9178,3,Odisha
Saheed Laxman Nayak Med. College and Hos.,AIQ,General,7443,4,Odisha
Saheed Laxman Nayak Med. College and Hos.,AIQ,OBC,8526,7,Odisha
Saheed Laxman Nayak Med. College and Hos.,AIQ,SC,12145,3,Odisha
Saheed Laxman Nayak Med. College and Hos.,AIQ,ST,14359,1,Odisha
Saheed Rendo Majhi Medical College & Hospital,AIQ,EWS,9112,1,Odisha
Saheed Rendo Majhi Medical College & Hospital,AIQ,General,26012,5,Odisha
Saheed Rendo Majhi Medical College & Hospital,AIQ,OBC,8895,4,Odisha
Saheed Rendo Majhi Medical College & Hospital,AIQ,SC,12789,2,Odisha
Saheed Rendo Majhi Medical College & Hospital,AIQ,ST,14564,1,Odisha
Santosh Medical College and Hospital,AIQ,EWS,22346,4,Uttar Pradesh
Santosh Medical College and Hospital,AIQ,General,22658,99,Uttar Pradesh
Santosh Medical College and Hospital,AIQ,OBC,22646,14,Uttar Pradesh
Santosh Medical College and Hospital,AIQ,SC,22505,6,Uttar Pradesh
Sarat Chandra Chattopadhyay Govt. Medical College & Hospital,AIQ,EWS,8877,1,West Bengal
Sarat Chandra Chattopadhyay Govt. Medical College & Hospital,AIQ,General,8490,5,West Bengal
Sarat Chandra Chattopadhyay Govt. Medical College & Hospital,AIQ,OBC,8914,5,West Bengal
Sarat Chandra Chattopadhyay Govt. Medical College & Hospital,AIQ,SC,12710,2,West Bengal
Sarat Chandra Chattopadhyay Govt. Medical College & Hospital,AIQ,ST,14241,1,West Bengal
Saveetha Medical College,AIQ,General,21529,115,Tamil Nadu
Saveetha Medical College,AIQ,OBC,21534,117,Tamil Nadu
Saveetha Medical College,AIQ,SC,21134,9,Tamil Nadu
Shaheed Nirmal Mahto Medical College & Hospital,AIQ,EWS,6351,2,Jharkhand
Shaheed Nirmal Mahto Medical College & Hospital,AIQ,General,5779,4,Jharkhand
Shaheed Nirmal Mahto Medical College & Hospital,AIQ,OBC,6273,5,Jharkhand
Shaheed Nirmal Mahto Medical College & Hospital,AIQ,SC,12160,1,Jharkhand
Shaheed Nirmal Mahto Medical College & Hospital,AIQ,ST,12811,1,Jharkhand
Shri Atal Bihari Vajpayee Medical College & Research Institute,AIQ,EWS,5153,3,Karnataka
Shri Atal Bihari Vajpayee Medical College & Research Institute,AIQ,General,2154,8,Karnataka
Shri Atal Bihari Vajpayee Medical College & Research Institute,AIQ,OBC,4452,6,Karnataka
Shri Atal Bihari Vajpayee Medical College & Research Institute,AIQ,SC,10317,2,Karnataka
Shri Atal Bihari Vajpayee Medical College & Research Institute,AIQ,ST,10904,1,Karnataka
Shri Sathya Sai Medical College and Research Institute,AIQ,EWS,24344,2,Tamil Nadu
Shri Sathya Sai Medical College and Research Institute,AIQ,General,24547,110,Tamil Nadu
Shri Sathya Sai Medical College and Research Institute,AIQ,OBC,24557,104,Tamil Nadu
Shri Sathya Sai Medical College and Research Institute,AIQ,SC,24438,25,Tamil Nadu
Shri Sathya Sai Medical College and Research Institute,AIQ,ST,24068,3,Tamil Nadu
Siddartha Medical College,AIQ,EWS,7152,4,Andhra Pradesh
Siddartha Medical College,AIQ,General,23759,7,Andhra Pradesh
Siddartha Medical College,AIQ,OBC,7156,10,Andhra Pradesh
Siddartha Medical College,AIQ,SC,10562,2,Andhra Pradesh
Siddartha Medical College,AIQ,ST,13031,1,Andhra Pradesh
Sree Balaji Medical College and Hospital,AIQ,EWS,24840,2,Tamil Nadu
Sree Balaji Medical College and Hospital,AIQ,General,25304,102,Tamil Nadu
Sree Balaji Medical College and Hospital,AIQ,OBC,25306,112,Tamil Nadu
Sree Balaji Medical College and Hospital,AIQ,SC,25097,19,Tamil Nadu
Sree Balaji Medical College and Hospital,AIQ,ST,25186,2,Tamil Nadu
Sri Jagannath Medical College & Hospital,AIQ,EWS,7484,2,Odisha
Sri Jagannath Medical College & Hospital,AIQ,General,5451,6,Odisha
Sri Jagannath Medical College & Hospital,AIQ,OBC,6758,4,Odisha
Sri Jagannath Medical College & Hospital,AIQ,SC,11740,2,Odisha
Sri Jagannath Medical College & Hospital,AIQ,ST,13106,1,Odisha
Sri Lakshmi Narayana Inst. of Med. Scien.,AIQ,EWS,25386,5,Puducherry
Sri Lakshmi Narayana Inst. of Med. Scien.,AIQ,General,25548,107,Puducherry
Sri Lakshmi Narayana Inst. of Med. Scien.,AIQ,OBC,25551,103,Puducherry
Sri Lakshmi Narayana Inst. of Med. Scien.,AIQ,SC,25553,21,Puducherry
Sri Lakshmi Narayana Inst. of Med. Scien.,AIQ,ST,25476,5,Puducherry
Sri Ramachandra Med. College and Res. Inst.,AIQ,General,17950,117,Tamil Nadu
Sri Ramachandra Med. College and Res. Inst.,AIQ,OBC,17851,82,Tamil Nadu
Sri Ramachandra Med. College and Res. Inst.,AIQ,SC,17847,5,Tamil Nadu
Sri Siddhartha Academy T Begur,AIQ,EWS,17722,5,Karnataka
Sri Siddhartha Academy T Begur,AIQ,General,17718,64,Karnataka
Sri Siddhartha Academy T Begur,AIQ,OBC,17664,42,Karnataka
Sri Siddhartha Academy T Begur,AIQ,SC,17709,8,Karnataka
Sri Siddhartha Academy T Begur,AIQ,ST,17610,2,Karnataka
Sri Siddhartha Medical College DU,AIQ,EWS,16649,4,Karnataka
Sri Siddhartha Medical College DU,AIQ,General,16857,103,Karnataka
Sri Siddhartha Medical College DU,AIQ,OBC,16807,52,Karnataka
Sri Siddhartha Medical College DU,AIQ,SC,16405,2,Karnataka
Sri Venkateswara Medical College,AIQ,EWS,6356,4,Andhra Pradesh
Sri Venkateswara Medical College,AIQ,General,5379,10,Andhra Pradesh
Sri Venkateswara Medical College,AIQ,OBC,6743,11,Andhra Pradesh
Sri Venkateswara Medical College,AIQ,SC,11663,6,Andhra Pradesh
Sri Venkateswara Medical College,AIQ,ST,13111,3,Andhra Pradesh
Sundarlal patwa Govt medical College mandsaur,AIQ,EWS,7718,2,
Sundarlal patwa Govt medical College mandsaur,AIQ,General,7228,2,
Sundarlal patwa Govt medical College mandsaur,AIQ,OBC,7749,7,
Sundarlal patwa Govt medical College mandsaur,AIQ,SC,12909,2,
Sundarlal patwa Govt medical College mandsaur,AIQ,ST,13659,1,
T.D. MEDICAL COLLEGE,AIQ,EWS,7662,3,Kerala
T.D. MEDICAL COLLEGE,AIQ,General,2979,7,Kerala
T.D. MEDICAL COLLEGE,AIQ,OBC,3337,9,Kerala
T.D. MEDICAL COLLEGE,AIQ,SC,11410,4,Kerala
T.D. MEDICAL COLLEGE,AIQ,ST,13877,2,Kerala
THANJAVUR MEDICAL COLL.,AIQ,EWS,8971,2,Tamil Nadu
THANJAVUR MEDICAL COLL.,AIQ,General,25585,7,Tamil Nadu
THANJAVUR MEDICAL COLL.,AIQ,OBC,3954,7,Tamil Nadu
THANJAVUR MEDICAL COLL.,AIQ,SC,9720,4,Tamil Nadu
THANJAVUR MEDICAL COLL.,AIQ,ST,13666,2,Tamil Nadu
THENI GOVT. MEDICAL COLLEGE,AIQ,EWS,9543,2,Tamil Nadu
THENI GOVT. MEDICAL COLLEGE,AIQ,General,4601,4,Tamil Nadu
THENI GOVT. MEDICAL COLLEGE,AIQ,OBC,4875,6,Tamil Nadu
THENI GOVT. MEDICAL COLLEGE,AIQ,SC,10934,2,Tamil Nadu
THENI GOVT. MEDICAL COLLEGE,AIQ,ST,14113,1,Tamil Nadu
THOOTHUKUDI MEDICAL COLLEGE,AIQ,EWS,9582,2,Tamil Nadu
THOOTHUKUDI MEDICAL COLLEGE,AIQ,General,5048,5,Tamil Nadu
THOOTHUKUDI MEDICAL COLLEGE,AIQ,OBC,5516,8,Tamil Nadu
THOOTHUKUDI MEDICAL COLLEGE,AIQ,SC,11662,4,Tamil Nadu
THOOTHUKUDI MEDICAL COLLEGE,AIQ,ST,14401,2,Tamil Nadu
TOPIWALA NATIONAL MEDICAL COLLEGE,AIQ,EWS,4525,2,Maharashtra
TOPIWALA NATIONAL MEDICAL COLLEGE,AIQ,General,17451,9,Maharashtra
TOPIWALA NATIONAL MEDICAL COLLEGE,AIQ,OBC,4272,5,Maharashtra
TOPIWALA NATIONAL MEDICAL COLLEGE,AIQ,SC,10729,4,Maharashtra
TOPIWALA NATIONAL MEDICAL COLLEGE,AIQ,ST,12429,2,Maharashtra
Tamralipto Government Medical College & Hospital,AIQ,EWS,9332,1,West Bengal
Tamralipto Government Medical College & Hospital,AIQ,General,8762,5,West Bengal
Tamralipto Government Medical College & Hospital,AIQ,OBC,8981,4,West Bengal
Tamralipto Government Medical College & Hospital,AIQ,SC,13444,3,West Bengal
Tamralipto Government Medical College & Hospital,AIQ,ST,14500,1,West Bengal
Tezpur Medical College,AIQ,EWS,9348,2,Assam
Tezpur Medical College,AIQ,General,17256,4,Assam
Tezpur Medical College,AIQ,OBC,9127,6,Assam
Tezpur Medical College,AIQ,SC,13594,3,Assam
Tezpur Medical College,AIQ,ST,13410,1,Assam
Thiruvannamalai MC,AIQ,EWS,9504,1,Tamil Nadu
Thiruvannamalai MC,AIQ,General,5879,3,Tamil Nadu
Thiruvannamalai MC,AIQ,OBC,6016,5,Tamil Nadu
Thiruvannamalai MC,AIQ,SC,10982,2,Tamil Nadu
Thiruvannamalai MC,AIQ,ST,14434,1,Tamil Nadu
Tinsukia Medical College & Hospital,AIQ,EWS,9637,2,Assam
Tinsukia Medical College & Hospital,AIQ,General,9230,5,Assam
Tinsukia Medical College & Hospital,AIQ,OBC,9360,4,Assam
Tinsukia Medical College & Hospital,AIQ,SC,13672,2,Assam
Tinsukia Medical College & Hospital,AIQ,ST,12446,1,Assam
Tomo Riba Institute Health and Medical Sciences,AIQ,EWS,9328,1,Arunachal Pradesh
Tomo Riba Institute Health and Medical Sciences,AIQ,General,8881,4,Arunachal Pradesh
Tomo Riba Institute Health and Medical Sciences,AIQ,OBC,9329,6,Arunachal Pradesh
Tomo Riba Institute Health and Medical Sciences,AIQ,SC,12920,1,Arunachal Pradesh
Tomo Riba Institute Health and Medical Sciences,AIQ,ST,13729,1,Arunachal Pradesh
UNS AUTONOMOUS STATE MEDICAL COLLEGES,AIQ,EWS,7820,2,
UNS AUTONOMOUS STATE MEDICAL COLLEGES,AIQ,General,7691,4,
UNS AUTONOMOUS STATE MEDICAL COLLEGES,AIQ,OBC,7875,5,
UNS AUTONOMOUS STATE MEDICAL COLLEGES,AIQ,SC,12979,2,
UTTARANCHAL F HOSP TRUST MC,AIQ,EWS,5437,1,Uttarakhand
UTTARANCHAL F HOSP TRUST MC,AIQ,General,4482,7,Uttarakhand
UTTARANCHAL F HOSP TRUST MC,AIQ,OBC,5599,5,Uttarakhand
UTTARANCHAL F HOSP TRUST MC,AIQ,SC,11850,3,Uttarakhand
UTTARANCHAL F HOSP TRUST MC,AIQ,ST,12971,2,Uttarakhand
University College of Medical Sciences,AIQ,EWS,4797,10,Delhi
University College of Medical Sciences,AIQ,General,26594,65,Delhi
University College of Medical Sciences,AIQ,OBC,5350,41,Delhi
University College of Medical Sciences,AIQ,SC,11997,22,Delhi
University College of Medical Sciences,AIQ,ST,15276,12,Delhi
Uttar Pradesh University of Medical Sciences,AIQ,EWS,5968,3,Uttar Pradesh
Uttar Pradesh University of Medical Sciences,AIQ,General,19613,12,Uttar Pradesh
Uttar Pradesh University of Medical Sciences,AIQ,OBC,5559,8,Uttar Pradesh
Uttar Pradesh University of Medical Sciences,AIQ,SC,11675,4,Uttar Pradesh
Uttar Pradesh University of Medical Sciences,AIQ,ST,12884,2,Uttar Pradesh
V.S.S. MEDICAL COLLEGE,AIQ,EWS,5391,2,Odisha
V.S.S. MEDICAL COLLEGE,AIQ,General,24204,9,Odisha
V.S.S. MEDICAL COLLEGE,AIQ,OBC,6128,9,Odisha
V.S.S. MEDICAL COLLEGE,AIQ,SC,11252,4,Odisha
V.S.S. MEDICAL COLLEGE,AIQ,ST,13453,2,Odisha
VARDHMAN INSTITUTE OF MEDICAL SCIENCES,AIQ,EWS,6228,2,Bihar
VARDHMAN INSTITUTE OF MEDICAL SCIENCES,AIQ,General,26607,4,Bihar
VARDHMAN INSTITUTE OF MEDICAL SCIENCES,AIQ,OBC,5847,7,Bihar
VARDHMAN INSTITUTE OF MEDICAL SCIENCES,AIQ,SC,12256,2,Bihar
VARDHMAN INSTITUTE OF MEDICAL SCIENCES,AIQ,ST,12537,1,Bihar
VELS MEDICAL COLLEGE & HOSPITAL,AIQ,EWS,20680,2,Tamil Nadu
VELS MEDICAL COLLEGE & HOSPITAL,AIQ,General,21386,29,Tamil Nadu
VELS MEDICAL COLLEGE & HOSPITAL,AIQ,OBC,21367,81,Tamil Nadu
VELS MEDICAL COLLEGE & HOSPITAL,AIQ,SC,21396,13,Tamil Nadu
VIJAYNAGAR INST OF MED. SC,AIQ,EWS,8126,3,Karnataka
VIJAYNAGAR INST OF MED. SC,AIQ,General,6310,7,Karnataka
VIJAYNAGAR INST OF MED. SC,AIQ,OBC,7070,10,Karnataka
VIJAYNAGAR INST OF MED. SC,AIQ,SC,12354,5,Karnataka
VIJAYNAGAR INST OF MED. SC,AIQ,ST,13103,3,Karnataka
VMKV Medical College and Hospital,AIQ,EWS,23072,2,Tamil Nadu
VMKV Medical College and Hospital,AIQ,General,23363,48,Tamil Nadu
VMKV Medical College and Hospital,AIQ,OBC,23323,81,Tamil Nadu
VMKV Medical College and Hospital,AIQ,SC,23090,13,Tamil Nadu
Vardhman Mahavir Medical College and Safdarjung Hospital New Delhi,AIQ,EWS,3223,17,Delhi
Vardhman Mahavir Medical College and Safdarjung Hospital New Delhi,AIQ,General,25690,54,Delhi
Vardhman Mahavir Medical College and Safdarjung Hospital New Delhi,AIQ,OBC,3341,42,Delhi
Vardhman Mahavir Medical College and Safdarjung Hospital New Delhi,AIQ,SC,10339,20,Delhi
Vardhman Mahavir Medical College and Safdarjung Hospital New Delhi,AIQ,ST,13843,12,Delhi
Veer Chandra Singh Garhwali Govt. Institute of Medical Science & Research,AIQ,EWS,6894,2,Uttarakhand
Veer Chandra Singh Garhwali Govt. Institute of Medical Science & Research,AIQ,General,22341,7,Uttarakhand
Veer Chandra Singh Garhwali Govt. Institute of Medical Science & Research,AIQ,OBC,6836,6,Uttarakhand
Veer Chandra Singh Garhwali Govt. Institute of Medical Science & Research,AIQ,SC,11475,1,Uttarakhand
Veer Chandra Singh Garhwali Govt. Institute of Medical Science & Research,AIQ,ST,13076,1,Uttarakhand
Vinayaka Missions Medical College and Hospital,AIQ,EWS,22388,4,Puducherry
Vinayaka Missions Medical College and Hospital,AIQ,General,22525,46,Puducherry
Vinayaka Missions Medical College and Hospital,AIQ,OBC,22524,83,Puducherry
Vinayaka Missions Medical College and Hospital,AIQ,SC,22321,12,Puducherry
Virendra Kumar Sakhlecha Government Medical College,AIQ,EWS,7874,1,Madhya Pradesh
Virendra Kumar Sakhlecha Government Medical College,AIQ,General,7426,6,Madhya Pradesh
Virendra Kumar Sakhlecha Government Medical College,AIQ,OBC,7876,4,Madhya Pradesh
Virendra Kumar Sakhlecha Government Medical College,AIQ,SC,12754,2,Madhya Pradesh
Virendra Kumar Sakhlecha Government Medical College,AIQ,ST,13427,1,Madhya Pradesh
YADGIRI INSTITUTE OF MEDICAL SCIENCES,AIQ,EWS,9155,2,Karnataka
YADGIRI INSTITUTE OF MEDICAL SCIENCES,AIQ,General,8167,10,Karnataka
YADGIRI INSTITUTE OF MEDICAL SCIENCES,AIQ,OBC,8415,6,Karnataka
YADGIRI INSTITUTE OF MEDICAL SCIENCES,AIQ,SC,13428,3,Karnataka
YADGIRI INSTITUTE OF MEDICAL SCIENCES,AIQ,ST,14351,1,Karnataka
Yenepoya Medical College,AIQ,EWS,17827,1,Karnataka
Yenepoya Medical College,AIQ,General,19262,96,Karnataka
Yenepoya Medical College,AIQ,OBC,19256,72,Karnataka
Yenepoya Medical College,AIQ,SC,17020,1,Karnataka
Yenepoya Medical College,AIQ,ST,17990,1,Karnataka
ZORAM MEDICAL COLLEGE Falkawn,AIQ,EWS,9709,1,Mizoram
ZORAM MEDICAL COLLEGE Falkawn,AIQ,General,26314,8,Mizoram
ZORAM MEDICAL COLLEGE Falkawn,AIQ,OBC,9338,3,Mizoram
ZORAM MEDICAL COLLEGE Falkawn,AIQ,SC,13508,2,Mizoram
